"Race","Candidate","Party","Votes","PercentageOfTotalVotes","JurisdictionName"
"U.S. Senator","Mel Ram","(Prefers Republican Party)",86956,4.46,"United States"
"U.S. Senator","Dr Raul Garcia","(Prefers GOP Party)",431182,22.13,"United States"
"U.S. Senator","David Tilton","(Prefers Non-Partisan Party)",17561,0.9,"United States"
"U.S. Senator","Maria Cantwell","(Prefers Democratic Party)",1114327,57.18,"United States"
"U.S. Senator","Chuck Jackson","(Prefers Independent Party)",21055,1.08,"United States"
"U.S. Senator","Isaac A Holyk","(Prefers Republican Party)",110701,5.68,"United States"
"U.S. Senator","Henry Clay Dennison","(Prefers Socialist Workers Party)",7840,0.4,"United States"
"U.S. Senator","Scott Nazarino","(Prefers Republican Party)",111386,5.72,"United States"
"U.S. Senator","Paul Lawrence Giesick","(Prefers Democratic Party)",17433,0.89,"United States"
"U.S. Senator","Thor Amundson","(Prefers Independent Party)",10587,0.54,"United States"
"U.S. Senator","Goodspaceguy","(Prefers Republican Party)",16826,0.86,"United States"
"U.S. Senator","WRITE-IN"," ",2862,0.15,"United States"
"Congressional District 1 - U.S. Representative","Orion Webster","(Prefers Republican Party)",16770,9.67,"Congressional"
"Congressional District 1 - U.S. Representative","Mary Silva","(Prefers Republican Party)",11339,6.54,"Congressional"
"Congressional District 1 - U.S. Representative","Derek Chartrand","(Prefers Calm Rational GOP Party)",6980,4.02,"Congressional"
"Congressional District 1 - U.S. Representative","Suzan DelBene","(Prefers Democratic Party)",109456,63.11,"Congressional"
"Congressional District 1 - U.S. Representative","Matt Heines","(Prefers Trump Republican Party)",10815,6.24,"Congressional"
"Congressional District 1 - U.S. Representative","Jeb Brewer","(Prefers Republican Party)",17675,10.19,"Congressional"
"Congressional District 1 - U.S. Representative","WRITE-IN"," ",392,0.23,"Congressional"
"CONGRESSIONAL DISTRICT 2 - U.S. Representative","Edwin Stickle","(Prefers Democratic Party)",7692,3.48,"Congressional"
"CONGRESSIONAL DISTRICT 2 - U.S. Representative","Daniel Miller","(Prefers Republican Party)",11781,5.34,"Congressional"
"CONGRESSIONAL DISTRICT 2 - U.S. Representative","Cody Hart","(Prefers MAGA Republican Party)",43637,19.76,"Congressional"
"CONGRESSIONAL DISTRICT 2 - U.S. Representative","Leif Johnson","(Prefers Republican Party)",23340,10.57,"Congressional"
"CONGRESSIONAL DISTRICT 2 - U.S. Representative","Rick Larsen","(Prefers Democratic Party)",106276,48.14,"Congressional"
"CONGRESSIONAL DISTRICT 2 - U.S. Representative","Devin Hermanson","(Prefers Democratic Party)",9578,4.34,"Congressional"
"CONGRESSIONAL DISTRICT 2 - U.S. Representative","Jason Call","(Prefers Green Party)",7787,3.53,"Congressional"
"CONGRESSIONAL DISTRICT 2 - U.S. Representative","Josh Binda","(Prefers Democratic Party)",10497,4.75,"Congressional"
"CONGRESSIONAL DISTRICT 2 - U.S. Representative","WRITE-IN"," ",197,0.09,"Congressional"
"CONGRESSIONAL DISTRICT 3 - U.S. Representative","Leslie Lewallen","(Prefers Republican Party)",25868,12.19,"Congressional"
"CONGRESSIONAL DISTRICT 3 - U.S. Representative","Joe Kent","(Prefers Republican Party)",83389,39.31,"Congressional"
"CONGRESSIONAL DISTRICT 3 - U.S. Representative","John Saulie-Rohman","(Prefers Independent Party)",5406,2.55,"Congressional"
"CONGRESSIONAL DISTRICT 3 - U.S. Representative","Marie Gluesenkamp Perez","(Prefers Democratic Party)",97274,45.86,"Congressional"
"CONGRESSIONAL DISTRICT 3 - U.S. Representative","WRITE-IN"," ",186,0.09,"Congressional"
"Congressional District 4 - U.S. Representative","Mary Baechler","(Prefers Democratic Party)",22353,14.48,"Congressional"
"Congressional District 4 - U.S. Representative","Jerrod Sessler","(Prefers Republican Party)",51020,33.06,"Congressional"
"Congressional District 4 - U.S. Representative","John Malan","(Prefers MAGA Democrat Party)",711,0.46,"Congressional"
"Congressional District 4 - U.S. Representative","Dan Newhouse","(Prefers Republican Party)",36073,23.37,"Congressional"
"Congressional District 4 - U.S. Representative","Benny &quot;BG3&quot; Garcia","(Prefers Independent Party)",1389,0.9,"Congressional"
"Congressional District 4 - U.S. Representative","Barry Knowles","(Prefers Democrat Party)",3329,2.16,"Congressional"
"Congressional District 4 - U.S. Representative","Tiffany Smiley","(Prefers Republican Party)",29761,19.28,"Congressional"
"Congressional District 4 - U.S. Representative","&quot;Birdie&quot; Jane Muchlinski","(Prefers Democratic Party)",9593,6.22,"Congressional"
"Congressional District 4 - U.S. Representative","WRITE-IN"," ",98,0.06,"Congressional"
"CONGRESSIONAL DISTRICT 5 - U.S. Representative","Rick Valentine Flynn","(Prefers Republican Party)",4822,2.37,"Congressional"
"CONGRESSIONAL DISTRICT 5 - U.S. Representative","Rene' Holaday","(Prefers Republican Party)",6180,3.04,"Congressional"
"CONGRESSIONAL DISTRICT 5 - U.S. Representative","Jacquelin Maycumber","(Prefers Republican Party)",27717,13.63,"Congressional"
"CONGRESSIONAL DISTRICT 5 - U.S. Representative","Jonathan D Bingle","(Prefers Republican Party)",7510,3.69,"Congressional"
"CONGRESSIONAL DISTRICT 5 - U.S. Representative","Carmela Conroy","(Prefers Democratic Party)",37227,18.3,"Congressional"
"CONGRESSIONAL DISTRICT 5 - U.S. Representative","Ann Marie Danimus","(Prefers Democratic Party)",11306,5.56,"Congressional"
"CONGRESSIONAL DISTRICT 5 - U.S. Representative","Matthew Welde","(Prefers Democratic Party)",4183,2.06,"Congressional"
"CONGRESSIONAL DISTRICT 5 - U.S. Representative","Bernadine Bank","(Prefers Democratic Party)",24111,11.85,"Congressional"
"CONGRESSIONAL DISTRICT 5 - U.S. Representative","Michael Baumgartner","(Prefers Republican Party)",55859,27.46,"Congressional"
"CONGRESSIONAL DISTRICT 5 - U.S. Representative","Brian Dansel","(Prefers Republican Party)",21983,10.81,"Congressional"
"CONGRESSIONAL DISTRICT 5 - U.S. Representative","Bobbi Bennett-Wolcott","(Prefers Democratic Party)",2336,1.15,"Congressional"
"CONGRESSIONAL DISTRICT 5 - U.S. Representative","WRITE-IN"," ",175,0.09,"Congressional"
"CONGRESSIONAL DISTRICT 6 - U.S. Representative","Emily Randall","(Prefers Democratic Party)",80249,34.34,"Congressional"
"CONGRESSIONAL DISTRICT 6 - U.S. Representative","Janis Clark","(Prefers Republican Party)",17665,7.56,"Congressional"
"CONGRESSIONAL DISTRICT 6 - U.S. Representative","Drew C MacEwen","(Prefers Republican Party)",70513,30.18,"Congressional"
"CONGRESSIONAL DISTRICT 6 - U.S. Representative","J. Graham Ralston","(Prefers Independent Party)",7235,3.1,"Congressional"
"CONGRESSIONAL DISTRICT 6 - U.S. Representative","Hilary Franz","(Prefers Democratic Party)",57824,24.75,"Congressional"
"CONGRESSIONAL DISTRICT 6 - U.S. Representative","WRITE-IN"," ",188,0.08,"Congressional"
"Congressional District 7 - U.S. Representative","Dan Alexander","(Prefers Republican Party)",16902,7.76,"Congressional"
"Congressional District 7 - U.S. Representative","Pramila Jayapal","(Prefers Democratic Party)",174019,79.86,"Congressional"
"Congressional District 7 - U.S. Representative","Liz Hallock","(Prefers Democratic Party)",16494,7.57,"Congressional"
"Congressional District 7 - U.S. Representative","Cliff Moon","(Prefers Republican Party)",10070,4.62,"Congressional"
"Congressional District 7 - U.S. Representative","WRITE-IN"," ",409,0.19,"Congressional"
"Congressional District 8 - U.S. Representative","Kim Schrier","(Prefers Democratic Party)",105069,50.11,"Congressional"
"Congressional District 8 - U.S. Representative","Carmen Goers","(Prefers Republican Party)",94322,44.99,"Congressional"
"Congressional District 8 - U.S. Representative","Keith Arnold","(Prefers Democratic Party)",2603,1.24,"Congressional"
"Congressional District 8 - U.S. Representative","Imraan Siddiqi","(Prefers Democratic Party)",7374,3.52,"Congressional"
"Congressional District 8 - U.S. Representative","WRITE-IN"," ",291,0.14,"Congressional"
"Congressional District 9 - U.S. Representative","Melissa Chaudhry","(Prefers Democratic Party)",30229,20.66,"Congressional"
"Congressional District 9 - U.S. Representative","Paul Martin","(Prefers Republican Party)",26646,18.21,"Congressional"
"Congressional District 9 - U.S. Representative","David Ishii","(Prefers Bipartisan Party)",963,0.66,"Congressional"
"Congressional District 9 - U.S. Representative","Mark Greene","(Prefers Republican Party)",9459,6.47,"Congressional"
"Congressional District 9 - U.S. Representative","Adam Smith","(Prefers Democratic Party)",78761,53.83,"Congressional"
"Congressional District 9 - U.S. Representative","WRITE-IN"," ",248,0.17,"Congressional"
"Congressional District 10 - U.S. Representative","Marilyn Strickland","(Prefers Democratic Party)",93942,54.25,"Congressional"
"Congressional District 10 - U.S. Representative","Eric Mahaffy","(Prefers Democratic Party)",3527,2.04,"Congressional"
"Congressional District 10 - U.S. Representative","Richard Boyce","(Prefers Congress Sucks Party)",2056,1.19,"Congressional"
"Congressional District 10 - U.S. Representative","Nirav Sheth","(Prefers Republican Party)",20208,11.67,"Congressional"
"Congressional District 10 - U.S. Representative","Kurtis Engle","(Prefers Union Party)",545,0.31,"Congressional"
"Congressional District 10 - U.S. Representative","Desiree C. Toliver","(Prefers Democratic Party)",6424,3.71,"Congressional"
"Congressional District 10 - U.S. Representative","Don Hewett","(Prefers Republican Party)",46258,26.72,"Congressional"
"Congressional District 10 - U.S. Representative","WRITE-IN"," ",192,0.11,"Congressional"
"Governor","Jim Daniel","(Prefers Republican Party)",29907,1.52,"State Executive"
"Governor","Cassondra Magdalene Hanson","(Prefers Democratic Party)",24512,1.24,"State Executive"
"Governor","Jeff Curry","(Prefers Independent Party)",6068,0.31,"State Executive"
"Governor","Alex Tsimerman","(Prefers Standup-America Party)",1721,0.09,"State Executive"
"Governor","Mark Mullet","(Prefers Democratic Party)",119048,6.04,"State Executive"
"Governor","Martin Lee Wheeler","(Prefers Republican Party)",7676,0.39,"State Executive"
"Governor","Jennifer Hoover","(Prefers Republican Party)",15692,0.8,"State Executive"
"Governor","Andre Stackhouse","(Prefers Green Party)",11962,0.61,"State Executive"
"Governor","EL'ona Kearney","(Prefers Democratic Party)",24374,1.24,"State Executive"
"Governor","Ricky Anthony","(Prefers Democratic Party)",6226,0.32,"State Executive"
"Governor","Bob Ferguson","(Prefers Democratic Party)",884268,44.88,"State Executive"
"Governor","Chaytan Inman","(Prefers Democratic Party)",6427,0.33,"State Executive"
"Governor","Michael DePaula","(Prefers Libertarian Party)",3957,0.2,"State Executive"
"Governor","Dave Reichert","(Prefers Republican Party)",541533,27.48,"State Executive"
"Governor","Don L Rivers","(Prefers Democratic Party)",9453,0.48,"State Executive"
"Governor","Jim Clark","(States No Party Preference)",2355,0.12,"State Executive"
"Governor","Fred Grant","(Prefers Democratic Party)",5503,0.28,"State Executive"
"Governor","Leon A Lawson","(Prefers Trump Republican Party)",35971,1.83,"State Executive"
"Governor","Edward Cale IV","(Prefers Democratic Party)",1975,0.1,"State Executive"
"Governor","Frank Dare","(Prefers Independent Party)",1115,0.06,"State Executive"
"Governor","William Combs","(Prefers Independent Party)",1042,0.05,"State Executive"
"Governor","Alan Makayev","(Prefers Nonsense Busters Party)",1106,0.06,"State Executive"
"Governor","Brian Bogen","(Prefers Nonpartisan Party)",4530,0.23,"State Executive"
"Governor","A.L. Brown","(Prefers Republican Party)",4232,0.21,"State Executive"
"Governor","Brad Mjelde","(States No Party Preference)",991,0.05,"State Executive"
"Governor","Bill Hirt","(Prefers Republican Party)",1720,0.09,"State Executive"
"Governor","Rosetta Marshall-Williams","(Prefers Independence Party)",2960,0.15,"State Executive"
"Governor","Semi Bird","(Prefers Republican Party)",212692,10.79,"State Executive"
"Governor","WRITE-IN"," ",1347,0.07,"State Executive"
"Lt. Governor","Patrick &quot;Pat&quot; Harman","(Prefers Liberal Republican Party)",50330,2.64,"State Executive"
"Lt. Governor","David Griffin","(Prefers Democratic Party)",169759,8.9,"State Executive"
"Lt. Governor","Bob Hagglund","(Prefers Republican Party)",319071,16.73,"State Executive"
"Lt. Governor","Dan Matthews","(Prefers Republican Party)",438537,22.99,"State Executive"
"Lt. Governor","Denny Heck","(Prefers Democratic Party)",927395,48.62,"State Executive"
"Lt. Governor","WRITE-IN"," ",2538,0.13,"State Executive"
"Secretary of State","Marquez Tiggs","(Prefers Democratic Party)",185628,9.65,"State Executive"
"Secretary of State","Dale Whitaker","(Prefers Republican Party)",709046,36.87,"State Executive"
"Secretary of State","Damon Townsend","(Prefers No Labels Party)",96586,5.02,"State Executive"
"Secretary of State","Steve Hobbs","(Prefers Democratic Party)",930533,48.38,"State Executive"
"Secretary of State","WRITE-IN"," ",1534,0.08,"State Executive"
"State Treasurer","Mike Pellicciotti","(Prefers Democratic Party)",1118500,58.32,"State Executive"
"State Treasurer","Sharon Hanek","(Prefers Republican Party)",797824,41.6,"State Executive"
"State Treasurer","WRITE-IN"," ",1684,0.09,"State Executive"
"State Auditor","Matt Hawkins","(Prefers Republican Party)",786529,41.09,"State Executive"
"State Auditor","Pat (Patrice) McCarthy","(Prefers Democratic Party)",1125904,58.82,"State Executive"
"State Auditor","WRITE-IN"," ",1648,0.09,"State Executive"
"Attorney General","Pete Serrano","(Prefers Republican Party)",814372,42.11,"State Executive"
"Attorney General","Nick Brown","(Prefers Democratic Party)",682360,35.28,"State Executive"
"Attorney General","Manka Dhingra","(Prefers Democratic Party)",435919,22.54,"State Executive"
"Attorney General","WRITE-IN"," ",1284,0.07,"State Executive"
"Commissioner of Public Lands","Allen Lebovitz","(Prefers Democratic Party)",194114,10.2,"State Executive"
"Commissioner of Public Lands","Jaime Herrera Beutler","(Prefers Republican Party)",419297,22.03,"State Executive"
"Commissioner of Public Lands","Dave Upthegrove","(Prefers Democratic Party)",396300,20.82,"State Executive"
"Commissioner of Public Lands","Sue Kuehl Pederson","(Prefers Republican Party)",396249,20.82,"State Executive"
"Commissioner of Public Lands","Patrick DePoe","(Prefers Democratic Party)",267924,14.08,"State Executive"
"Commissioner of Public Lands","Jeralee Anderson","(Prefers Democratic Party)",84351,4.43,"State Executive"
"Commissioner of Public Lands","Kevin Van De Wege","(Prefers Democratic Party)",143170,7.52,"State Executive"
"Commissioner of Public Lands","WRITE-IN"," ",1668,0.09,"State Executive"
"Superintendent of Public Instruction","Reid Saaris","",427788,23.94,"State Executive"
"Superintendent of Public Instruction","Chris Reykdal","",702227,39.3,"State Executive"
"Superintendent of Public Instruction","John Patterson Blair","",91410,5.12,"State Executive"
"Superintendent of Public Instruction","David Olson","",557822,31.22,"State Executive"
"Superintendent of Public Instruction","WRITE-IN"," ",7404,0.41,"State Executive"
"Insurance Commissioner","Patty Kuderer","(Prefers Democratic Party)",845148,45.18,"State Executive"
"Insurance Commissioner","Chris D. Chung","(Prefers Democratic Party)",54469,2.91,"State Executive"
"Insurance Commissioner","Jonathan Hendrix","(States No Party Preference)",68961,3.69,"State Executive"
"Insurance Commissioner","Bill Boyd","(Prefers Democratic Party)",57387,3.07,"State Executive"
"Insurance Commissioner","John Pestinger","(Prefers Democratic Party)",103986,5.56,"State Executive"
"Insurance Commissioner","Tim Verzal","(States No Party Preference)",15742,0.84,"State Executive"
"Insurance Commissioner","Phil Fortunato","(Prefers Republican Party)",533560,28.52,"State Executive"
"Insurance Commissioner","Justin Murta","(Prefers Republican Party)",189582,10.13,"State Executive"
"Insurance Commissioner","WRITE-IN"," ",1738,0.09,"State Executive"
"Legislative District 1 - State Senator","Derek Stanford","(Prefers Democratic Party)",30980,96.03,"Legislative"
"Legislative District 1 - State Senator","WRITE-IN"," ",1282,3.97,"Legislative"
"Legislative District 1 - State Representative Pos. 1","Davina Duerr","(Prefers Democratic Party)",29207,71.9,"Legislative"
"Legislative District 1 - State Representative Pos. 1","Mark Davies","(Prefers Republican Party)",11367,27.98,"Legislative"
"Legislative District 1 - State Representative Pos. 1","WRITE-IN"," ",49,0.12,"Legislative"
"Legislative District 1 - State Representative Pos. 2","Shelley Kloba","(Prefers Democratic Party)",30529,95.98,"Legislative"
"Legislative District 1 - State Representative Pos. 2","WRITE-IN"," ",1279,4.02,"Legislative"
"LEGISLATIVE DISTRICT 2 - State Senator","Erasmo Ruiz Gonzalez","(Prefers Democratic Party)",12822,34.21,"Legislative"
"LEGISLATIVE DISTRICT 2 - State Senator","Ronda Litzenberger","(Prefers Republican Party)",10032,26.76,"Legislative"
"LEGISLATIVE DISTRICT 2 - State Senator","Jim McCune","(Prefers Republican Party)",14596,38.94,"Legislative"
"LEGISLATIVE DISTRICT 2 - State Senator","WRITE-IN"," ",33,0.09,"Legislative"
"LEGISLATIVE DISTRICT 2 - State Representative Pos. 1","Andrew Barkis","(Prefers Republican Party)",27162,93.17,"Legislative"
"LEGISLATIVE DISTRICT 2 - State Representative Pos. 1","WRITE-IN"," ",1990,6.83,"Legislative"
"LEGISLATIVE DISTRICT 2 - State Representative Pos. 2","Yanah G Cook","(Prefers Democratic Party)",8795,23.71,"Legislative"
"LEGISLATIVE DISTRICT 2 - State Representative Pos. 2","Matt Marshall","(Prefers Republican Party)",12624,34.03,"Legislative"
"LEGISLATIVE DISTRICT 2 - State Representative Pos. 2","Michael Holloman","(Prefers Democratic Party)",4574,12.33,"Legislative"
"LEGISLATIVE DISTRICT 2 - State Representative Pos. 2","John Snaza","(Prefers Republican Party)",11057,29.81,"Legislative"
"LEGISLATIVE DISTRICT 2 - State Representative Pos. 2","WRITE-IN"," ",43,0.12,"Legislative"
"Legislative District 3 - State Senator","Marcus Riccelli","(Prefers Democratic Party)",27807,92.36,"Legislative"
"Legislative District 3 - State Senator","WRITE-IN"," ",2300,7.64,"Legislative"
"Legislative District 3 - State Representative Pos. 1","Natasha Hill","(Prefers Democratic Party)",12634,32.5,"Legislative"
"Legislative District 3 - State Representative Pos. 1","Tony Kiepe","(Prefers Republican Party)",13785,35.46,"Legislative"
"Legislative District 3 - State Representative Pos. 1","Ben Stuckart","(Prefers Democratic Party)",12364,31.8,"Legislative"
"Legislative District 3 - State Representative Pos. 1","WRITE-IN"," ",92,0.24,"Legislative"
"Legislative District 3 - State Representative Pos. 2","Timm Ormsby","(Prefers Democratic Party)",27575,93.09,"Legislative"
"Legislative District 3 - State Representative Pos. 2","WRITE-IN"," ",2046,6.91,"Legislative"
"Legislative District 4 - State Senator","Paige Scott","(Prefers Democratic Party)",4378,10.58,"Legislative"
"Legislative District 4 - State Senator","Pam Haley","(Prefers Republican Party)",5306,12.82,"Legislative"
"Legislative District 4 - State Senator","Al Merkel","(Prefers Republican Party)",4948,11.96,"Legislative"
"Legislative District 4 - State Senator","Leonard Christian","(Prefers Republican Party)",8876,21.45,"Legislative"
"Legislative District 4 - State Senator","Mike Kelly","(Prefers Republican Party)",8673,20.96,"Legislative"
"Legislative District 4 - State Senator","Miguel Valencia","(Prefers Democratic Party)",9146,22.1,"Legislative"
"Legislative District 4 - State Senator","WRITE-IN"," ",54,0.13,"Legislative"
"Legislative District 4 - State Representative Pos. 1","Kitten Wildes Beeler","(Prefers Green Party)",3634,9.19,"Legislative"
"Legislative District 4 - State Representative Pos. 1","Suzanne Schmidt","(Prefers Republican Party)",26989,68.27,"Legislative"
"Legislative District 4 - State Representative Pos. 1","Kristopher Pockell","(States No Party Preference)",8486,21.47,"Legislative"
"Legislative District 4 - State Representative Pos. 1","WRITE-IN"," ",425,1.08,"Legislative"
"Legislative District 4 - State Representative Pos. 2","Ed &quot;Woody&quot; Wood","(Prefers Democratic Party)",3466,8.43,"Legislative"
"Legislative District 4 - State Representative Pos. 2","Brandi Peetz","(Prefers Republican Party)",9408,22.87,"Legislative"
"Legislative District 4 - State Representative Pos. 2","Stephen T. Major","(Prefers Republican Party)",1592,3.87,"Legislative"
"Legislative District 4 - State Representative Pos. 2","Michael A. Schmidt","(Prefers Republican Party)",6715,16.32,"Legislative"
"Legislative District 4 - State Representative Pos. 2","Ted Cummings","(Prefers Democratic Party)",9886,24.03,"Legislative"
"Legislative District 4 - State Representative Pos. 2","Rob Chase","(Prefers Republican Party)",10025,24.37,"Legislative"
"Legislative District 4 - State Representative Pos. 2","WRITE-IN"," ",47,0.11,"Legislative"
"LEGISLATIVE DISTRICT 5 - State Senator","Bill Ramos","(Prefers Democratic Party)",24309,53.78,"Legislative"
"LEGISLATIVE DISTRICT 5 - State Senator","Chad Magendanz","(Prefers Republican Party)",20865,46.16,"Legislative"
"LEGISLATIVE DISTRICT 5 - State Senator","WRITE-IN"," ",28,0.06,"Legislative"
"LEGISLATIVE DISTRICT 5 - State Representative Pos. 1","Jason Ritchie","(Prefers Democratic Party)",4404,9.87,"Legislative"
"LEGISLATIVE DISTRICT 5 - State Representative Pos. 1","Victoria Hunt","(Prefers Democratic Party)",15646,35.08,"Legislative"
"LEGISLATIVE DISTRICT 5 - State Representative Pos. 1","Kristiana de Leon","(Prefers Democratic Party)",4558,10.22,"Legislative"
"LEGISLATIVE DISTRICT 5 - State Representative Pos. 1","Landon Halverson","(Prefers Republican Party)",7701,17.27,"Legislative"
"LEGISLATIVE DISTRICT 5 - State Representative Pos. 1","Mark Hargrove","(Prefers Republican Party)",12270,27.51,"Legislative"
"LEGISLATIVE DISTRICT 5 - State Representative Pos. 1","WRITE-IN"," ",22,0.05,"Legislative"
"LEGISLATIVE DISTRICT 5 - State Representative Pos. 2","Patrick Peacock","(Prefers Republican Party)",19105,42.63,"Legislative"
"LEGISLATIVE DISTRICT 5 - State Representative Pos. 2","Lisa Callan","(Prefers Democratic Party)",25683,57.3,"Legislative"
"LEGISLATIVE DISTRICT 5 - State Representative Pos. 2","WRITE-IN"," ",33,0.07,"Legislative"
"Legislative District 6 - State Representative Pos. 1","Mike Volz","(Prefers Republican Party)",23731,61.89,"Legislative"
"Legislative District 6 - State Representative Pos. 1","Steven McCray II","(Prefers Democratic Party)",14495,37.8,"Legislative"
"Legislative District 6 - State Representative Pos. 1","WRITE-IN"," ",119,0.31,"Legislative"
"Legislative District 6 - State Representative Pos. 2","Jenny Graham","(Prefers Republican Party)",23109,60.36,"Legislative"
"Legislative District 6 - State Representative Pos. 2","Michaela Kelso","(Prefers Democratic Party)",15062,39.34,"Legislative"
"Legislative District 6 - State Representative Pos. 2","WRITE-IN"," ",115,0.3,"Legislative"
"Legislative District 7 - State Representative Pos. 1","Teagan Levine","(Prefers Republican Party)",10278,24.78,"Legislative"
"Legislative District 7 - State Representative Pos. 1","Andrew Engell","(Prefers Republican Party)",19870,47.9,"Legislative"
"Legislative District 7 - State Representative Pos. 1","Soo Ing-Moody","(Prefers Republican Party)",10485,25.28,"Legislative"
"Legislative District 7 - State Representative Pos. 1","WRITE-IN"," ",848,2.04,"Legislative"
"Legislative District 7 - State Representative Pos. 2","Ronald L McCoy","(Prefers Republican Party)",6179,13.65,"Legislative"
"Legislative District 7 - State Representative Pos. 2","Hunter Abell","(Prefers Republican Party)",15749,34.79,"Legislative"
"Legislative District 7 - State Representative Pos. 2","Pat Bell","(Prefers Republican Party)",10967,24.23,"Legislative"
"Legislative District 7 - State Representative Pos. 2","Paul &quot;Rocky&quot; Dean","(Prefers Democratic Party)",12277,27.12,"Legislative"
"Legislative District 7 - State Representative Pos. 2","WRITE-IN"," ",95,0.21,"Legislative"
"Legislative District 8 - State Representative Pos. 1","Stephanie Barnard","(Prefers Republican Party)",28157,96.3,"Legislative"
"Legislative District 8 - State Representative Pos. 1","WRITE-IN"," ",1081,3.7,"Legislative"
"Legislative District 8 - State Representative Pos. 2","April Connors","(Prefers Republican Party)",26441,71.87,"Legislative"
"Legislative District 8 - State Representative Pos. 2","John Christenson","(Prefers Democratic Party)",10278,27.94,"Legislative"
"Legislative District 8 - State Representative Pos. 2","WRITE-IN"," ",73,0.2,"Legislative"
"Legislative District 9 - State Senator","Mark G. Schoesler","(Prefers GOP Party)",29574,94.29,"Legislative"
"Legislative District 9 - State Senator","WRITE-IN"," ",1790,5.71,"Legislative"
"Legislative District 9 - State Representative Pos. 1","Mary Dye","(Prefers GOP Party)",26988,66.34,"Legislative"
"Legislative District 9 - State Representative Pos. 1","Patrick Miller","(Prefers Democratic Party)",13537,33.28,"Legislative"
"Legislative District 9 - State Representative Pos. 1","WRITE-IN"," ",157,0.39,"Legislative"
"Legislative District 9 - State Representative Pos. 2","Pam Kohlmeier","(Prefers Democratic Party)",11582,28.26,"Legislative"
"Legislative District 9 - State Representative Pos. 2","Joe Schmick","(Prefers Republican Party)",26958,65.78,"Legislative"
"Legislative District 9 - State Representative Pos. 2","Arianna Arends","(Prefers Democratic Party)",2348,5.73,"Legislative"
"Legislative District 9 - State Representative Pos. 2","WRITE-IN"," ",95,0.23,"Legislative"
"LEGISLATIVE DISTRICT 10 - State Senator","Denny Sandberg","(Prefers Democrat Party)",3072,5.99,"Legislative"
"LEGISLATIVE DISTRICT 10 - State Senator","Janet St Clair","(Prefers Democratic Party)",23391,45.64,"Legislative"
"LEGISLATIVE DISTRICT 10 - State Senator","Ron Muzzall","(Prefers Republican Party)",24724,48.24,"Legislative"
"LEGISLATIVE DISTRICT 10 - State Senator","WRITE-IN"," ",63,0.12,"Legislative"
"Legislative District 10 - State Representative Pos. 1","Carrie R. Kennedy","(Prefers Republican Party)",13374,26.42,"Legislative"
"Legislative District 10 - State Representative Pos. 1","Yvonne Gallardo-Van Ornam","(Prefers Republican Party)",10700,21.14,"Legislative"
"Legislative District 10 - State Representative Pos. 1","Clyde Shavers","(Prefers Democratic Party)",26484,52.32,"Legislative"
"Legislative District 10 - State Representative Pos. 1","WRITE-IN"," ",58,0.11,"Legislative"
"LEGISLATIVE DISTRICT 10 - State Representative Pos. 2","Dave Paul","(Prefers Democratic Party)",28186,55.51,"Legislative"
"LEGISLATIVE DISTRICT 10 - State Representative Pos. 2","Gary Wray","(Prefers Republican Party)",22542,44.39,"Legislative"
"LEGISLATIVE DISTRICT 10 - State Representative Pos. 2","WRITE-IN"," ",53,0.1,"Legislative"
"LEGISLATIVE DISTRICT 11 - State Senator","Bob Hasegawa","(Prefers Democratic Party)",21167,95.29,"Legislative"
"LEGISLATIVE DISTRICT 11 - State Senator","WRITE-IN"," ",1046,4.71,"Legislative"
"LEGISLATIVE DISTRICT 11 - State Representative Pos. 1","David Hackney","(Prefers Democratic Party)",20702,95.31,"Legislative"
"LEGISLATIVE DISTRICT 11 - State Representative Pos. 1","WRITE-IN"," ",1019,4.69,"Legislative"
"LEGISLATIVE DISTRICT 11 - State Representative Pos. 2","Steve Bergquist","(Prefers Democratic Party)",20342,80.34,"Legislative"
"LEGISLATIVE DISTRICT 11 - State Representative Pos. 2","Justin Greywolf","(Prefers Libertarian Party)",4607,18.19,"Legislative"
"LEGISLATIVE DISTRICT 11 - State Representative Pos. 2","WRITE-IN"," ",372,1.47,"Legislative"
"Legislative District 12 - State Senator","Keith W. Goehner","(Prefers Republican Party)",24356,56.07,"Legislative"
"Legislative District 12 - State Senator","Jim Mayhew","(Prefers Democratic Party)",19039,43.83,"Legislative"
"Legislative District 12 - State Senator","WRITE-IN"," ",40,0.09,"Legislative"
"LEGISLATIVE DISTRICT 12 - State Representative Pos. 1","Heather Koellen","(Prefers Democratic Party)",19302,44.63,"Legislative"
"LEGISLATIVE DISTRICT 12 - State Representative Pos. 1","Brian Burnett","(Prefers Republican Party)",17997,41.61,"Legislative"
"LEGISLATIVE DISTRICT 12 - State Representative Pos. 1","Jennifer Bumpus","(Prefers Republican Party)",5920,13.69,"Legislative"
"LEGISLATIVE DISTRICT 12 - State Representative Pos. 1","WRITE-IN"," ",34,0.08,"Legislative"
"Legislative District 12 - State Representative Pos. 2","Mike Steele","(Prefers Republican Party)",25482,71.93,"Legislative"
"Legislative District 12 - State Representative Pos. 2","Daniel Scott","(Prefers Republican Party)",8340,23.54,"Legislative"
"Legislative District 12 - State Representative Pos. 2","WRITE-IN"," ",1602,4.52,"Legislative"
"LEGISLATIVE DISTRICT 13 - State Representative Pos. 1","Tom Dent","(Prefers Republican Party)",23543,96.61,"Legislative"
"LEGISLATIVE DISTRICT 13 - State Representative Pos. 1","WRITE-IN"," ",826,3.39,"Legislative"
"LEGISLATIVE DISTRICT 13 - State Representative Pos. 2","Alex Ybarra","(Prefers Republican Party)",23404,96.98,"Legislative"
"LEGISLATIVE DISTRICT 13 - State Representative Pos. 2","WRITE-IN"," ",728,3.02,"Legislative"
"LEGISLATIVE DISTRICT 14 - State Senator","Curtis King","(Prefers Republican Party)",8324,58.02,"Legislative"
"LEGISLATIVE DISTRICT 14 - State Senator","Maria Beltran","(Prefers Democratic Party)",5988,41.74,"Legislative"
"LEGISLATIVE DISTRICT 14 - State Senator","WRITE-IN"," ",35,0.24,"Legislative"
"LEGISLATIVE DISTRICT 14 - State Representative Pos. 1","Andy Kallinen","(Prefers Republican Party)",4288,30.22,"Legislative"
"LEGISLATIVE DISTRICT 14 - State Representative Pos. 1","Chelsea Dimas","(Prefers Democratic Party)",5241,36.94,"Legislative"
"LEGISLATIVE DISTRICT 14 - State Representative Pos. 1","Gloria Mendoza","(Prefers Republican Party)",4627,32.61,"Legislative"
"LEGISLATIVE DISTRICT 14 - State Representative Pos. 1","WRITE-IN"," ",32,0.23,"Legislative"
"LEGISLATIVE DISTRICT 14 - State Representative Pos. 2","Eddie Perez","(States No Party Preference)",870,6.14,"Legislative"
"LEGISLATIVE DISTRICT 14 - State Representative Pos. 2","Ana Ruiz Kennedy","(Prefers Democratic Party)",5588,39.44,"Legislative"
"LEGISLATIVE DISTRICT 14 - State Representative Pos. 2","Deb Manjarrez","(Prefers Republican Party)",7681,54.22,"Legislative"
"LEGISLATIVE DISTRICT 14 - State Representative Pos. 2","WRITE-IN"," ",28,0.2,"Legislative"
"LEGISLATIVE DISTRICT 15 - State Representative Pos. 1","Chris Corry","(Prefers Republican Party)",25616,75.57,"Legislative"
"LEGISLATIVE DISTRICT 15 - State Representative Pos. 1","Chase Foster","(States No Party Preference)",7901,23.31,"Legislative"
"LEGISLATIVE DISTRICT 15 - State Representative Pos. 1","WRITE-IN"," ",382,1.13,"Legislative"
"LEGISLATIVE DISTRICT 15 - State Representative Pos. 2","Jeremie Dufault","(Prefers Republican Party)",24133,74.49,"Legislative"
"LEGISLATIVE DISTRICT 15 - State Representative Pos. 2","Rich Bright","(Prefers Republican Party)",7277,22.46,"Legislative"
"LEGISLATIVE DISTRICT 15 - State Representative Pos. 2","WRITE-IN"," ",988,3.05,"Legislative"
"LEGISLATIVE DISTRICT 16 - State Senator","Perry Dozier","(Prefers Republican Party)",22963,63.78,"Legislative"
"LEGISLATIVE DISTRICT 16 - State Senator","Kari Isaacson","(Prefers Democratic Party)",13012,36.14,"Legislative"
"LEGISLATIVE DISTRICT 16 - State Senator","WRITE-IN"," ",31,0.09,"Legislative"
"LEGISLATIVE DISTRICT 16 - State Representative Pos. 1","Mark Klicker","(Prefers Republican Party)",23303,64.76,"Legislative"
"LEGISLATIVE DISTRICT 16 - State Representative Pos. 1","Linda Gunshefski","(Prefers Democratic Party)",12660,35.18,"Legislative"
"LEGISLATIVE DISTRICT 16 - State Representative Pos. 1","WRITE-IN"," ",22,0.06,"Legislative"
"Legislative District 16 - State Representative Pos. 2","Skyler Rude","(Prefers Republican Party)",23927,66.72,"Legislative"
"Legislative District 16 - State Representative Pos. 2","Craig R Woodard","(Prefers Democratic Party)",11895,33.17,"Legislative"
"Legislative District 16 - State Representative Pos. 2","WRITE-IN"," ",40,0.11,"Legislative"
"LEGISLATIVE DISTRICT 17 - State Senator","Paul Harris","(Prefers Republican Party)",22930,50.62,"Legislative"
"LEGISLATIVE DISTRICT 17 - State Senator","Marla Keethler","(Prefers Democratic Party)",22287,49.2,"Legislative"
"LEGISLATIVE DISTRICT 17 - State Senator","WRITE-IN"," ",84,0.19,"Legislative"
"LEGISLATIVE DISTRICT 17 - State Representative Pos. 1","Kevin Waters","(Prefers Republican Party)",27933,92.05,"Legislative"
"LEGISLATIVE DISTRICT 17 - State Representative Pos. 1","WRITE-IN"," ",2414,7.95,"Legislative"
"LEGISLATIVE DISTRICT 17 - State Representative Pos. 2","Hannah Joy","(Prefers Republican Party)",11129,24.65,"Legislative"
"LEGISLATIVE DISTRICT 17 - State Representative Pos. 2","David Stuebe","(Prefers Republican Party)",12412,27.49,"Legislative"
"LEGISLATIVE DISTRICT 17 - State Representative Pos. 2","Terri Niles","(Prefers Democratic Party)",21551,47.74,"Legislative"
"LEGISLATIVE DISTRICT 17 - State Representative Pos. 2","WRITE-IN"," ",51,0.11,"Legislative"
"LEGISLATIVE DISTRICT 18 - State Senator","Greg Cheney","(Prefers Republican Party)",9525,21.94,"Legislative"
"LEGISLATIVE DISTRICT 18 - State Senator","Brad Benton","(Prefers Republican Party)",13783,31.75,"Legislative"
"LEGISLATIVE DISTRICT 18 - State Senator","Adrian Cortes","(Prefers Democratic Party)",20066,46.22,"Legislative"
"LEGISLATIVE DISTRICT 18 - State Senator","WRITE-IN"," ",39,0.09,"Legislative"
"LEGISLATIVE DISTRICT 18 - State Representative Pos. 1","Stephanie McClintock","(Prefers Republican Party)",23739,55.3,"Legislative"
"LEGISLATIVE DISTRICT 18 - State Representative Pos. 1","Deken Letinich","(Prefers Democratic Party)",19138,44.58,"Legislative"
"LEGISLATIVE DISTRICT 18 - State Representative Pos. 1","WRITE-IN"," ",50,0.12,"Legislative"
"LEGISLATIVE DISTRICT 18 - State Representative Pos. 2","John Ley","(Prefers Republican Party)",16590,38.44,"Legislative"
"LEGISLATIVE DISTRICT 18 - State Representative Pos. 2","Philip L. Johnson","(Prefers Republican Party)",5889,13.64,"Legislative"
"LEGISLATIVE DISTRICT 18 - State Representative Pos. 2","John Zingale","(Prefers Democratic Party)",20641,47.82,"Legislative"
"LEGISLATIVE DISTRICT 18 - State Representative Pos. 2","WRITE-IN"," ",41,0.09,"Legislative"
"Legislative District 19 - State Senator","Jeff Wilson","(Prefers Republican Party)",25826,60.1,"Legislative"
"Legislative District 19 - State Senator","Andi Day","(Prefers Democratic Party)",17081,39.75,"Legislative"
"Legislative District 19 - State Senator","WRITE-IN"," ",65,0.15,"Legislative"
"LEGISLATIVE DISTRICT 19 - State Representative Pos. 1","Jim Walsh","(Prefers Republican Party)",25771,59.55,"Legislative"
"LEGISLATIVE DISTRICT 19 - State Representative Pos. 1","Mike Coverdale","(Prefers Democratic Party)",17450,40.32,"Legislative"
"LEGISLATIVE DISTRICT 19 - State Representative Pos. 1","WRITE-IN"," ",54,0.12,"Legislative"
"LEGISLATIVE DISTRICT 19 - State Representative Pos. 2","Terry Carlson","(Prefers Democratic Party)",16330,38.1,"Legislative"
"LEGISLATIVE DISTRICT 19 - State Representative Pos. 2","Joel McEntire","(Prefers Republican Party)",25007,58.35,"Legislative"
"LEGISLATIVE DISTRICT 19 - State Representative Pos. 2","Justin Franks","(Prefers Libertarian Party)",1469,3.43,"Legislative"
"LEGISLATIVE DISTRICT 19 - State Representative Pos. 2","WRITE-IN"," ",52,0.12,"Legislative"
"LEGISLATIVE DISTRICT 20 - State Senator","John Braun","(Prefers Republican Party)",35738,95.4,"Legislative"
"LEGISLATIVE DISTRICT 20 - State Senator","WRITE-IN"," ",1723,4.6,"Legislative"
"LEGISLATIVE DISTRICT 20 - State Representative Pos. 1","Melvin Kaleolani Apana","(Prefers Culture Republican Party)",2768,7.02,"Legislative"
"LEGISLATIVE DISTRICT 20 - State Representative Pos. 1","Peter Abbarno","(Prefers Republican Party)",35209,89.32,"Legislative"
"LEGISLATIVE DISTRICT 20 - State Representative Pos. 1","WRITE-IN"," ",1440,3.65,"Legislative"
"LEGISLATIVE DISTRICT 20 - State Representative Pos. 2","Ed Orcutt","(Prefers GOP Party)",34094,95.15,"Legislative"
"LEGISLATIVE DISTRICT 20 - State Representative Pos. 2","WRITE-IN"," ",1739,4.85,"Legislative"
"Legislative District 21 - State Representative Pos. 1","Riaz Khan","(Prefers Republican Party)",9715,27.42,"Legislative"
"Legislative District 21 - State Representative Pos. 1","Jason Moon","(Prefers Democratic Party)",7746,21.86,"Legislative"
"Legislative District 21 - State Representative Pos. 1","Strom Peterson","(Prefers Democratic Party)",17893,50.5,"Legislative"
"Legislative District 21 - State Representative Pos. 1","WRITE-IN"," ",76,0.21,"Legislative"
"Legislative District 21 - State Representative Pos. 2","Bruce Guthrie","(Prefers Libertarian Party)",3555,10.19,"Legislative"
"Legislative District 21 - State Representative Pos. 2","Lillian Ortiz-Self","(Prefers Democratic Party)",23435,67.18,"Legislative"
"Legislative District 21 - State Representative Pos. 2","Kristina Mitchell","(Prefers Conservative Party)",7806,22.38,"Legislative"
"Legislative District 21 - State Representative Pos. 2","WRITE-IN"," ",86,0.25,"Legislative"
"Legislative District 22 - State Senator","Tela Hogle","(Prefers Democratic Party)",3597,8.46,"Legislative"
"Legislative District 22 - State Senator","Jessica Bateman","(Prefers Democratic Party)",29047,68.31,"Legislative"
"Legislative District 22 - State Senator","Bob Iyall","(Prefers Democratic Party)",8735,20.54,"Legislative"
"Legislative District 22 - State Senator","WRITE-IN"," ",1146,2.69,"Legislative"
"Legislative District 22 - State Representative Pos. 1","Beth Doglio","(Prefers Democratic Party)",33259,74.82,"Legislative"
"Legislative District 22 - State Representative Pos. 1","Steve Owens","(States No Party Preference)",10711,24.1,"Legislative"
"Legislative District 22 - State Representative Pos. 1","WRITE-IN"," ",483,1.09,"Legislative"
"Legislative District 22 - State Representative Pos. 2","Lisa Parshley","(Prefers Democratic Party)",25943,63.05,"Legislative"
"Legislative District 22 - State Representative Pos. 2","Syd Locke","(Prefers Democratic Party)",13801,33.54,"Legislative"
"Legislative District 22 - State Representative Pos. 2","WRITE-IN"," ",1403,3.41,"Legislative"
"Legislative District 23 - State Senator","Lance Byrd","(Prefers Republican Party)",14031,28.93,"Legislative"
"Legislative District 23 - State Senator","Drew Hansen","(Prefers Democratic Party)",32553,67.11,"Legislative"
"Legislative District 23 - State Senator","Ace Haynes","(Prefers Republican Party)",1866,3.85,"Legislative"
"Legislative District 23 - State Senator","WRITE-IN"," ",55,0.11,"Legislative"
"Legislative District 23 - State Representative Pos. 1","Tiffany Attrill","(Prefers Independent Party)",4046,8.34,"Legislative"
"Legislative District 23 - State Representative Pos. 1","Kurt Robertson","(Prefers Republican Party)",14973,30.87,"Legislative"
"Legislative District 23 - State Representative Pos. 1","Tarra Simmons","(Prefers Democratic Party)",29433,60.68,"Legislative"
"Legislative District 23 - State Representative Pos. 1","WRITE-IN"," ",55,0.11,"Legislative"
"Legislative District 23 - State Representative Pos. 2","Greg Nance","(Prefers Democratic Party)",22250,45.9,"Legislative"
"Legislative District 23 - State Representative Pos. 2","John Gibbons","(Prefers Democratic Party)",2487,5.13,"Legislative"
"Legislative District 23 - State Representative Pos. 2","Jamie Miles","(Prefers Republican Party)",14370,29.65,"Legislative"
"Legislative District 23 - State Representative Pos. 2","Brynn Felix","(Prefers Democratic Party)",9309,19.2,"Legislative"
"Legislative District 23 - State Representative Pos. 2","WRITE-IN"," ",56,0.12,"Legislative"
"LEGISLATIVE DISTRICT 24 - State Senator","James Russell","(Prefers Democratic Party)",2859,4.94,"Legislative"
"LEGISLATIVE DISTRICT 24 - State Senator","Mike Chapman","(Prefers Democratic Party)",31244,54.02,"Legislative"
"LEGISLATIVE DISTRICT 24 - State Senator","Marcia Kelbon","(Prefers Republican Party)",23701,40.98,"Legislative"
"LEGISLATIVE DISTRICT 24 - State Senator","WRITE-IN"," ",36,0.06,"Legislative"
"LEGISLATIVE DISTRICT 24 - State Representative Pos. 1","Matthew (Matt) Roberson","(Prefers Republican Party)",15182,26.65,"Legislative"
"LEGISLATIVE DISTRICT 24 - State Representative Pos. 1","JR Streifel","(Prefers Republican Party)",7896,13.86,"Legislative"
"LEGISLATIVE DISTRICT 24 - State Representative Pos. 1","Adam Bernbaum","(Prefers Democratic Party)",15743,27.64,"Legislative"
"LEGISLATIVE DISTRICT 24 - State Representative Pos. 1","Eric Pickens","(Prefers Democratic Party)",10051,17.65,"Legislative"
"LEGISLATIVE DISTRICT 24 - State Representative Pos. 1","Nate Tyler","(Prefers Democratic Party)",8052,14.14,"Legislative"
"LEGISLATIVE DISTRICT 24 - State Representative Pos. 1","WRITE-IN"," ",35,0.06,"Legislative"
"LEGISLATIVE DISTRICT 24 - State Representative Pos. 2","Terry Roberts","(Prefers Republican Party)",14835,25.77,"Legislative"
"LEGISLATIVE DISTRICT 24 - State Representative Pos. 2","Steve Tharinger","(Prefers Democratic Party)",34178,59.37,"Legislative"
"LEGISLATIVE DISTRICT 24 - State Representative Pos. 2","Hickory Grant","(Prefers Republican Party)",8506,14.78,"Legislative"
"LEGISLATIVE DISTRICT 24 - State Representative Pos. 2","WRITE-IN"," ",48,0.08,"Legislative"
"LEGISLATIVE DISTRICT 25 - State Senator","Chris Gildon","(Prefers Republican Party)",20399,58.94,"Legislative"
"LEGISLATIVE DISTRICT 25 - State Senator","Kenneth King","(Prefers Democratic Party)",14179,40.97,"Legislative"
"LEGISLATIVE DISTRICT 25 - State Senator","WRITE-IN"," ",29,0.08,"Legislative"
"LEGISLATIVE DISTRICT 25 - State Representative Pos. 1","Cameron Severns","(Prefers Democratic Party)",15201,44.01,"Legislative"
"LEGISLATIVE DISTRICT 25 - State Representative Pos. 1","Michael Keaton","(Prefers Republican Party)",19302,55.89,"Legislative"
"LEGISLATIVE DISTRICT 25 - State Representative Pos. 1","WRITE-IN"," ",33,0.1,"Legislative"
"LEGISLATIVE DISTRICT 25 - State Representative Pos. 2","Cyndy Jacobsen","(Prefers Republican Party)",19658,56.99,"Legislative"
"LEGISLATIVE DISTRICT 25 - State Representative Pos. 2","Shellie Willis","(Prefers Democratic Party)",14800,42.9,"Legislative"
"LEGISLATIVE DISTRICT 25 - State Representative Pos. 2","WRITE-IN"," ",38,0.11,"Legislative"
"LEGISLATIVE DISTRICT 26 - State Representative Pos. 1","Jim Henderson","(Prefers Republican Party)",8326,16.45,"Legislative"
"LEGISLATIVE DISTRICT 26 - State Representative Pos. 1","Jesse L. Young","(Prefers Republican Party)",17137,33.87,"Legislative"
"LEGISLATIVE DISTRICT 26 - State Representative Pos. 1","Adison Richards","(Prefers Democratic Party)",25096,49.6,"Legislative"
"LEGISLATIVE DISTRICT 26 - State Representative Pos. 1","WRITE-IN"," ",41,0.08,"Legislative"
"LEGISLATIVE DISTRICT 26 - State Representative Pos. 2","Tiffiny Mitchell","(Prefers Democratic Party)",14909,29.77,"Legislative"
"LEGISLATIVE DISTRICT 26 - State Representative Pos. 2","Lori McPherson","(Prefers Democrat Party)",5236,10.46,"Legislative"
"LEGISLATIVE DISTRICT 26 - State Representative Pos. 2","Josh Smith","(States No Party Preference)",3814,7.62,"Legislative"
"LEGISLATIVE DISTRICT 26 - State Representative Pos. 2","Rachel Harter","(Prefers Republican Party)",9204,18.38,"Legislative"
"LEGISLATIVE DISTRICT 26 - State Representative Pos. 2","Michelle Caldier","(Prefers Republican Party)",16878,33.7,"Legislative"
"LEGISLATIVE DISTRICT 26 - State Representative Pos. 2","WRITE-IN"," ",40,0.08,"Legislative"
"Legislative District 27 - State Senator","Yasmin Trudeau","(Prefers Democratic Party)",27333,73.83,"Legislative"
"Legislative District 27 - State Senator","Carole Sue Braaten","(Prefers Republican Party)",9585,25.89,"Legislative"
"Legislative District 27 - State Senator","WRITE-IN"," ",104,0.28,"Legislative"
"Legislative District 27 - State Representative Pos. 1","Laurie Jinkins","(Prefers Democratic Party)",27220,73.41,"Legislative"
"Legislative District 27 - State Representative Pos. 1","Ken Paulson","(Prefers Republican Party)",9756,26.31,"Legislative"
"Legislative District 27 - State Representative Pos. 1","WRITE-IN"," ",102,0.28,"Legislative"
"Legislative District 27 - State Representative Pos. 2","Devin Rydel Kelly","(Prefers Democratic Party)",8962,26.95,"Legislative"
"Legislative District 27 - State Representative Pos. 2","Jake Fey","(Prefers Democratic Party)",23332,70.16,"Legislative"
"Legislative District 27 - State Representative Pos. 2","WRITE-IN"," ",962,2.89,"Legislative"
"LEGISLATIVE DISTRICT 28 - State Senator","T'wina Nobles","(Prefers Democratic Party)",16724,54.75,"Legislative"
"LEGISLATIVE DISTRICT 28 - State Senator","Maia Espinoza","(Prefers Republican Party)",13759,45.05,"Legislative"
"LEGISLATIVE DISTRICT 28 - State Senator","WRITE-IN"," ",62,0.2,"Legislative"
"LEGISLATIVE DISTRICT 28 - State Representative Pos. 1","Mari Leavitt","(Prefers Democratic Party)",17953,59,"Legislative"
"LEGISLATIVE DISTRICT 28 - State Representative Pos. 1","Gabe Sachwitz","(Prefers Republican Party)",12440,40.88,"Legislative"
"LEGISLATIVE DISTRICT 28 - State Representative Pos. 1","WRITE-IN"," ",36,0.12,"Legislative"
"LEGISLATIVE DISTRICT 28 - State Representative Pos. 2","Dan Bronoske","(Prefers Democratic Party)",17739,58.72,"Legislative"
"LEGISLATIVE DISTRICT 28 - State Representative Pos. 2","Mark Herr","(Prefers Republican Party)",12432,41.15,"Legislative"
"LEGISLATIVE DISTRICT 28 - State Representative Pos. 2","WRITE-IN"," ",39,0.13,"Legislative"
"LEGISLATIVE DISTRICT 29 - State Representative Pos. 1","Melanie Morgan","(Prefers Democratic Party)",12983,67.49,"Legislative"
"LEGISLATIVE DISTRICT 29 - State Representative Pos. 1","Richard Miller","(Prefers Democratic Party)",5165,26.85,"Legislative"
"LEGISLATIVE DISTRICT 29 - State Representative Pos. 1","WRITE-IN"," ",1090,5.67,"Legislative"
"LEGISLATIVE DISTRICT 29 - State Representative Pos. 2","Sharlett Mena","(Prefers Democratic Party)",16375,92.41,"Legislative"
"LEGISLATIVE DISTRICT 29 - State Representative Pos. 2","WRITE-IN"," ",1345,7.59,"Legislative"
"Legislative District 30 - State Representative Pos. 1","Jamila E. Taylor","(Prefers Democratic Party)",14834,57.06,"Legislative"
"Legislative District 30 - State Representative Pos. 1","Melissa Hamilton","(Prefers Republican Party)",11144,42.86,"Legislative"
"Legislative District 30 - State Representative Pos. 1","WRITE-IN"," ",20,0.08,"Legislative"
"Legislative District 30 - State Representative Pos. 2","Kristine M. Reeves","(Prefers Democratic Party)",15358,59.2,"Legislative"
"Legislative District 30 - State Representative Pos. 2","Quentin Morris","(Prefers Republican Party)",10567,40.73,"Legislative"
"Legislative District 30 - State Representative Pos. 2","WRITE-IN"," ",16,0.06,"Legislative"
"LEGISLATIVE DISTRICT 31 - State Representative Pos. 1","Drew Stokesbary","(Prefers Republican Party)",24863,63.78,"Legislative"
"LEGISLATIVE DISTRICT 31 - State Representative Pos. 1","Sara Sutterfield","(Prefers Democratic Party)",14072,36.1,"Legislative"
"LEGISLATIVE DISTRICT 31 - State Representative Pos. 1","WRITE-IN"," ",46,0.12,"Legislative"
"LEGISLATIVE DISTRICT 31 - State Representative Pos. 2","Bill Thomas","(Prefers Democratic Party)",2633,6.84,"Legislative"
"LEGISLATIVE DISTRICT 31 - State Representative Pos. 2","Joshua Penner","(Prefers Republican Party)",14825,38.52,"Legislative"
"LEGISLATIVE DISTRICT 31 - State Representative Pos. 2","Brian L. Gunn","(Prefers Democratic Party)",11625,30.2,"Legislative"
"LEGISLATIVE DISTRICT 31 - State Representative Pos. 2","Brandon Beynon","(Prefers Republican Party)",9344,24.28,"Legislative"
"LEGISLATIVE DISTRICT 31 - State Representative Pos. 2","WRITE-IN"," ",64,0.17,"Legislative"
"Legislative District 32 - State Representative Pos. 1","Cindy Ryu","(Prefers Democratic Party)",31179,76.42,"Legislative"
"Legislative District 32 - State Representative Pos. 1","Lisa Rezac","(Prefers Republican Party)",9562,23.44,"Legislative"
"Legislative District 32 - State Representative Pos. 1","WRITE-IN"," ",59,0.14,"Legislative"
"Legislative District 32 - State Representative Pos. 2","Lori Theis","(Prefers Republican Party)",9389,23.29,"Legislative"
"Legislative District 32 - State Representative Pos. 2","Lauren Davis","(Prefers Democratic Party)",28208,69.96,"Legislative"
"Legislative District 32 - State Representative Pos. 2","Dunia Wabenga","(Prefers Democratic Party)",2690,6.67,"Legislative"
"Legislative District 32 - State Representative Pos. 2","WRITE-IN"," ",33,0.08,"Legislative"
"Legislative District 33 - State Representative Pos. 1","George Richter","(Prefers Republican Party)",8297,29.58,"Legislative"
"Legislative District 33 - State Representative Pos. 1","Tina L. Orwall","(Prefers Democratic Party)",19705,70.26,"Legislative"
"Legislative District 33 - State Representative Pos. 1","WRITE-IN"," ",45,0.16,"Legislative"
"Legislative District 33 - State Representative Pos. 2","Mia Su-Ling Gregerson","(Prefers Democratic Party)",19534,73.15,"Legislative"
"Legislative District 33 - State Representative Pos. 2","Casey Esmond","(States No Party Preference)",7004,26.23,"Legislative"
"Legislative District 33 - State Representative Pos. 2","WRITE-IN"," ",166,0.62,"Legislative"
"LEGISLATIVE DISTRICT 34 - State Representative Pos. 1","Kimberly M. Cloud","(Prefers Republican Party)",5848,13.34,"Legislative"
"LEGISLATIVE DISTRICT 34 - State Representative Pos. 1","Emily Alvarado","(Prefers Democratic Party)",37901,86.46,"Legislative"
"LEGISLATIVE DISTRICT 34 - State Representative Pos. 1","WRITE-IN"," ",86,0.2,"Legislative"
"LEGISLATIVE DISTRICT 34 - State Representative Pos. 2","Joe Fitzgibbon","(Prefers Democratic Party)",37571,85.36,"Legislative"
"LEGISLATIVE DISTRICT 34 - State Representative Pos. 2","Jolie Lansdowne","(Prefers Republican Party)",6398,14.54,"Legislative"
"LEGISLATIVE DISTRICT 34 - State Representative Pos. 2","WRITE-IN"," ",47,0.11,"Legislative"
"Legislative District 35 - State Representative Pos. 1","Dan Griffey","(Prefers Republican Party)",33821,92.55,"Legislative"
"Legislative District 35 - State Representative Pos. 1","WRITE-IN"," ",2723,7.45,"Legislative"
"LEGISLATIVE DISTRICT 35 - State Representative Pos. 2","Eric Onisko","(Prefers (GOP) Republican Party)",4951,10.17,"Legislative"
"LEGISLATIVE DISTRICT 35 - State Representative Pos. 2","Travis Couture","(Prefers Republican Party)",22722,46.66,"Legislative"
"LEGISLATIVE DISTRICT 35 - State Representative Pos. 2","James DeHart","(Prefers Democratic Party)",20952,43.02,"Legislative"
"LEGISLATIVE DISTRICT 35 - State Representative Pos. 2","WRITE-IN"," ",75,0.15,"Legislative"
"Legislative District 36 - State Representative Pos. 1","Julia Grant Reed","(Prefers Democratic Party)",40426,98.39,"Legislative"
"Legislative District 36 - State Representative Pos. 1","WRITE-IN"," ",660,1.61,"Legislative"
"Legislative District 36 - State Representative Pos. 2","Victoria Palmer","(Prefers Republican Party)",4737,9.97,"Legislative"
"Legislative District 36 - State Representative Pos. 2","Liz Berry","(Prefers Democratic Party)",42671,89.84,"Legislative"
"Legislative District 36 - State Representative Pos. 2","WRITE-IN"," ",89,0.19,"Legislative"
"Legislative District 37 - State Representative Pos. 1","Sharon Tomiko Santos","(Prefers Democratic Party)",32609,98.13,"Legislative"
"Legislative District 37 - State Representative Pos. 1","WRITE-IN"," ",620,1.87,"Legislative"
"Legislative District 37 - State Representative Pos. 2","Chipalo Street","(Prefers Democratic Party)",33513,93.91,"Legislative"
"Legislative District 37 - State Representative Pos. 2","Matt McCally","(Prefers Libertarian Party)",1972,5.53,"Legislative"
"Legislative District 37 - State Representative Pos. 2","WRITE-IN"," ",200,0.56,"Legislative"
"LEGISLATIVE DISTRICT 38 - State Representative Pos. 1","Bryce Nickel","(Prefers Forward &amp; Democrat Party)",3816,13.42,"Legislative"
"LEGISLATIVE DISTRICT 38 - State Representative Pos. 1","Julio Cortes","(Prefers Democratic Party)",17381,61.12,"Legislative"
"LEGISLATIVE DISTRICT 38 - State Representative Pos. 1","Annie Fitzgerald","(Prefers Democratic Party)",5679,19.97,"Legislative"
"LEGISLATIVE DISTRICT 38 - State Representative Pos. 1","WRITE-IN"," ",1562,5.49,"Legislative"
"LEGISLATIVE DISTRICT 38 - State Representative Pos. 2","Mary Fosse","(Prefers Democratic Party)",20207,61.55,"Legislative"
"LEGISLATIVE DISTRICT 38 - State Representative Pos. 2","Marnie Claywell","(Prefers Republican Party)",12536,38.18,"Legislative"
"LEGISLATIVE DISTRICT 38 - State Representative Pos. 2","WRITE-IN"," ",89,0.27,"Legislative"
"LEGISLATIVE DISTRICT 39 - State Senator","John Snow","(Prefers Democratic Party)",12569,30.79,"Legislative"
"LEGISLATIVE DISTRICT 39 - State Senator","Keith L. Wagoner","(Prefers Republican Party)",24358,59.68,"Legislative"
"LEGISLATIVE DISTRICT 39 - State Senator","Tim McDonald","(Prefers Democrat Party)",3849,9.43,"Legislative"
"LEGISLATIVE DISTRICT 39 - State Senator","WRITE-IN"," ",40,0.1,"Legislative"
"LEGISLATIVE DISTRICT 39 - State Representative Pos. 1","Kathryn Lewandowsky","(Prefers Independent Party)",5935,14.51,"Legislative"
"LEGISLATIVE DISTRICT 39 - State Representative Pos. 1","Sam Low","(Prefers Republican Party)",15864,38.79,"Legislative"
"LEGISLATIVE DISTRICT 39 - State Representative Pos. 1","Zephaniah Borynack","(Prefers Democrat Party)",7751,18.95,"Legislative"
"LEGISLATIVE DISTRICT 39 - State Representative Pos. 1","Robert J. Sutherland","(Prefers Republican Party)",11302,27.63,"Legislative"
"LEGISLATIVE DISTRICT 39 - State Representative Pos. 1","WRITE-IN"," ",47,0.11,"Legislative"
"LEGISLATIVE DISTRICT 39 - State Representative Pos. 2","Carolyn Eslick","(Prefers Republican Party)",23080,64.86,"Legislative"
"LEGISLATIVE DISTRICT 39 - State Representative Pos. 2","Jackie Huey","(Prefers Republican Party)",11214,31.52,"Legislative"
"LEGISLATIVE DISTRICT 39 - State Representative Pos. 2","WRITE-IN"," ",1289,3.62,"Legislative"
"LEGISLATIVE DISTRICT 40 - State Senator","Elizabeth (Liz) Lovelett","(Prefers Democratic Party)",34724,71.11,"Legislative"
"LEGISLATIVE DISTRICT 40 - State Senator","Charles Carrell","(Prefers Republican Party)",14015,28.7,"Legislative"
"LEGISLATIVE DISTRICT 40 - State Senator","WRITE-IN"," ",92,0.19,"Legislative"
"LEGISLATIVE DISTRICT 40 - State Representative Pos. 1","Debra Lekanoff","(Prefers Democratic Party)",35225,95.48,"Legislative"
"LEGISLATIVE DISTRICT 40 - State Representative Pos. 1","WRITE-IN"," ",1669,4.52,"Legislative"
"LEGISLATIVE DISTRICT 40 - State Representative Pos. 2","Alex Ramel","(Prefers Democratic Party)",34809,95.28,"Legislative"
"LEGISLATIVE DISTRICT 40 - State Representative Pos. 2","WRITE-IN"," ",1723,4.72,"Legislative"
"LEGISLATIVE DISTRICT 41 - State Senator","Lisa Wellman","(Prefers Democratic Party)",27935,73.34,"Legislative"
"LEGISLATIVE DISTRICT 41 - State Senator","Jaskaran Singh Sarao","(Prefers Republican Party)",10059,26.41,"Legislative"
"LEGISLATIVE DISTRICT 41 - State Senator","WRITE-IN"," ",97,0.25,"Legislative"
"LEGISLATIVE DISTRICT 41 - State Representative Pos. 1","Emily Tadlock","(Prefers Republican Party)",10719,27.76,"Legislative"
"LEGISLATIVE DISTRICT 41 - State Representative Pos. 1","Tana Senn","(Prefers Democratic Party)",27122,70.23,"Legislative"
"LEGISLATIVE DISTRICT 41 - State Representative Pos. 1","Stan Lippmann","(Prefers Antiadministration Party)",714,1.85,"Legislative"
"LEGISLATIVE DISTRICT 41 - State Representative Pos. 1","WRITE-IN"," ",64,0.17,"Legislative"
"LEGISLATIVE DISTRICT 41 - State Representative Pos. 2","Pamela J Randolph","(Prefers Republican Party)",4938,12.78,"Legislative"
"LEGISLATIVE DISTRICT 41 - State Representative Pos. 2","My-Linh Thai","(Prefers Democratic Party)",26509,68.6,"Legislative"
"LEGISLATIVE DISTRICT 41 - State Representative Pos. 2","Al Rosenthal","(Prefers Republican Party)",7157,18.52,"Legislative"
"LEGISLATIVE DISTRICT 41 - State Representative Pos. 2","WRITE-IN"," ",40,0.1,"Legislative"
"LEGISLATIVE DISTRICT 42 - State Representative Pos. 1","Raymond Pelletti","(Prefers Republican Party)",22336,45.72,"Legislative"
"LEGISLATIVE DISTRICT 42 - State Representative Pos. 1","Janet Melman","(Prefers Democratic Party)",3720,7.62,"Legislative"
"LEGISLATIVE DISTRICT 42 - State Representative Pos. 1","Alicia Rule","(Prefers Democratic Party)",22752,46.58,"Legislative"
"LEGISLATIVE DISTRICT 42 - State Representative Pos. 1","WRITE-IN"," ",42,0.09,"Legislative"
"LEGISLATIVE DISTRICT 42 - State Representative Pos. 2","Joe Timmons","(Prefers Democratic Party)",25741,52.73,"Legislative"
"LEGISLATIVE DISTRICT 42 - State Representative Pos. 2","Kamal Bhachu","(Prefers Republican Party)",23012,47.14,"Legislative"
"LEGISLATIVE DISTRICT 42 - State Representative Pos. 2","WRITE-IN"," ",59,0.12,"Legislative"
"Legislative District 43 - State Representative Pos. 1","Nicole Macri","(Prefers Democratic Party)",31014,98.04,"Legislative"
"Legislative District 43 - State Representative Pos. 1","WRITE-IN"," ",619,1.96,"Legislative"
"Legislative District 43 - State Representative Pos. 2","Stephanie LLoyd-Agnew","(Prefers Democrat Party)",1269,3.6,"Legislative"
"Legislative District 43 - State Representative Pos. 2","Shaun Scott","(Prefers Democratic Party)",20846,59.11,"Legislative"
"Legislative District 43 - State Representative Pos. 2","Daniel Carusello","(Prefers Democratic Party)",5743,16.28,"Legislative"
"Legislative District 43 - State Representative Pos. 2","Andrea Suarez","(Prefers Democratic Party)",7133,20.23,"Legislative"
"Legislative District 43 - State Representative Pos. 2","WRITE-IN"," ",276,0.78,"Legislative"
"Legislative District 44 - State Representative Pos. 1","Brandy Donaghy","(Prefers Democratic Party)",25127,92.3,"Legislative"
"Legislative District 44 - State Representative Pos. 1","WRITE-IN"," ",2096,7.7,"Legislative"
"Legislative District 44 - State Representative Pos. 2","April Berg","(Prefers Democratic Party)",22206,59.06,"Legislative"
"Legislative District 44 - State Representative Pos. 2","Sam Sim","(Prefers Republican Party)",15352,40.83,"Legislative"
"Legislative District 44 - State Representative Pos. 2","WRITE-IN"," ",43,0.11,"Legislative"
"Legislative District 45 - State Representative Pos. 1","Roger Goodman","(Prefers Democratic Party)",29936,95.55,"Legislative"
"Legislative District 45 - State Representative Pos. 1","WRITE-IN"," ",1394,4.45,"Legislative"
"Legislative District 45 - State Representative Pos. 2","Larry Springer","(Prefers Democratic Party)",16904,49.32,"Legislative"
"Legislative District 45 - State Representative Pos. 2","Melissa Demyan","(Prefers Democratic Party)",16405,47.86,"Legislative"
"Legislative District 45 - State Representative Pos. 2","WRITE-IN"," ",968,2.82,"Legislative"
"Legislative District 46 - State Representative Pos. 1","Beth Daranciang","(Prefers Republican Party)",4464,10.16,"Legislative"
"Legislative District 46 - State Representative Pos. 1","Gerry Pollet","(Prefers Democratic Party)",36545,83.18,"Legislative"
"Legislative District 46 - State Representative Pos. 1","Ahndylyn Kinney","(Prefers Democratic Party)",2853,6.49,"Legislative"
"Legislative District 46 - State Representative Pos. 1","WRITE-IN"," ",75,0.17,"Legislative"
"Legislative District 46 - State Representative Pos. 2","Darya Farivar","(Prefers Democratic Party)",38269,88.53,"Legislative"
"Legislative District 46 - State Representative Pos. 2","Simone Barron","(Prefers Republican Party)",4870,11.27,"Legislative"
"Legislative District 46 - State Representative Pos. 2","WRITE-IN"," ",88,0.2,"Legislative"
"Legislative District 47 - State Representative Pos. 1","Debra Jean Entenman","(Prefers Democratic Party)",17093,57.3,"Legislative"
"Legislative District 47 - State Representative Pos. 1","Kyle Lyebyedyev","(Prefers Republican Party)",12678,42.5,"Legislative"
"Legislative District 47 - State Representative Pos. 1","WRITE-IN"," ",59,0.2,"Legislative"
"Legislative District 47 - State Representative Pos. 2","Ted Cooke","(Prefers Republican Party)",8474,28.39,"Legislative"
"Legislative District 47 - State Representative Pos. 2","Chris Stearns","(Prefers Democratic Party)",16433,55.05,"Legislative"
"Legislative District 47 - State Representative Pos. 2","Brian Lott","(Prefers Republican Party)",4908,16.44,"Legislative"
"Legislative District 47 - State Representative Pos. 2","WRITE-IN"," ",37,0.12,"Legislative"
"Legislative District 48 - State Representative Pos. 1","Vandana Slatter","(Prefers Democratic Party)",19868,71.47,"Legislative"
"Legislative District 48 - State Representative Pos. 1","Lynn Trinh","(Prefers Republican Party)",7886,28.37,"Legislative"
"Legislative District 48 - State Representative Pos. 1","WRITE-IN"," ",45,0.16,"Legislative"
"Legislative District 48 - State Representative Pos. 2","Amy Walen","(Prefers Democratic Party)",21069,95.88,"Legislative"
"Legislative District 48 - State Representative Pos. 2","WRITE-IN"," ",905,4.12,"Legislative"
"LEGISLATIVE DISTRICT 49 - State Senator","Annette Cleveland","(Prefers Democratic Party)",20058,62.72,"Legislative"
"LEGISLATIVE DISTRICT 49 - State Senator","Lucia Worthington","(Prefers Republican Party)",11844,37.04,"Legislative"
"LEGISLATIVE DISTRICT 49 - State Senator","WRITE-IN"," ",76,0.24,"Legislative"
"LEGISLATIVE DISTRICT 49 - State Representative Pos. 1","Sharon Wylie","(Prefers Democratic Party)",20533,64.33,"Legislative"
"LEGISLATIVE DISTRICT 49 - State Representative Pos. 1","Brett Graham","(Prefers Republican Party)",11322,35.47,"Legislative"
"LEGISLATIVE DISTRICT 49 - State Representative Pos. 1","WRITE-IN"," ",65,0.2,"Legislative"
"LEGISLATIVE DISTRICT 49 - State Representative Pos. 2","Russell Barber","(Prefers Republican Party)",6036,18.95,"Legislative"
"LEGISLATIVE DISTRICT 49 - State Representative Pos. 2","Monica Jurado Stonier","(Prefers Democratic Party)",20277,63.65,"Legislative"
"LEGISLATIVE DISTRICT 49 - State Representative Pos. 2","Justin M. Forsman","(Prefers Republican Party)",5463,17.15,"Legislative"
"LEGISLATIVE DISTRICT 49 - State Representative Pos. 2","WRITE-IN"," ",79,0.25,"Legislative"
"SUPREME COURT - Justice Position #02","Todd A. Bloom","",286298,16.3,"Judicial"
"SUPREME COURT - Justice Position #02","Sal Mungia","",762797,43.43,"Judicial"
"SUPREME COURT - Justice Position #02","David R Shelvey","",59676,3.4,"Judicial"
"SUPREME COURT - Justice Position #02","Dave Larson","",640116,36.45,"Judicial"
"SUPREME COURT - Justice Position #02","WRITE-IN"," ",7347,0.42,"Judicial"
"Kittitas Superior Court - Judge Position 1","Margie Alumbaugh","",3015,28.71,"Judicial"
"Kittitas Superior Court - Judge Position 1","Chris Herion","",4100,39.04,"Judicial"
"Kittitas Superior Court - Judge Position 1","Matt Mills","",3273,31.17,"Judicial"
"Kittitas Superior Court - Judge Position 1","WRITE-IN"," ",114,1.09,"Judicial"
"PIERCE SUPERIOR COURT - Judge Position 15","Brian Wasankari","",63651,34.01,"Judicial"
"PIERCE SUPERIOR COURT - Judge Position 15","Ingrid McLeod","",94919,50.71,"Judicial"
"PIERCE SUPERIOR COURT - Judge Position 15","John Austin","",27933,14.92,"Judicial"
"PIERCE SUPERIOR COURT - Judge Position 15","WRITE-IN"," ",670,0.36,"Judicial"
"Spokane Superior Court - Judge Position 11","F. Dayle Andersen","",9789,7.7,"Judicial"
"Spokane Superior Court - Judge Position 11","Andrew B. Van Winkle","",44865,35.28,"Judicial"
"Spokane Superior Court - Judge Position 11","Timothy B Fennessy","",47720,37.52,"Judicial"
"Spokane Superior Court - Judge Position 11","Jerry Scharosch","",24136,18.98,"Judicial"
"Spokane Superior Court - Judge Position 11","WRITE-IN"," ",661,0.52,"Judicial"
"Whitman Superior Court - Judge Position 1","Jenna Brozik","",2815,30.36,"Judicial"
"Whitman Superior Court - Judge Position 1","Roger Sandberg","",5100,55,"Judicial"
"Whitman Superior Court - Judge Position 1","Steve Martonick","",1342,14.47,"Judicial"
"Whitman Superior Court - Judge Position 1","WRITE-IN"," ",15,0.16,"Judicial"
