GEMS Contest ID,Contest Sort Seq,District Type,District Type Subheading,District Name,Ballot Title,Ballots Counted for District,Registered Voters for District,Percent Turnout for District,Candidate Sort Seq,Ballot Response,Party Preference,Votes,Percent of Votes
62,810,Precinct Committee Officer,PRECINCT,BUR 33-0699,Precinct Committee Officer - Democratic,234,406,57.64,2,Cynthia Upthegrove,I affirm I am a Democrat.,93,53.14
62,810,Precinct Committee Officer,PRECINCT,BUR 33-0699,Precinct Committee Officer - Democratic,234,406,57.64,1,Kevin J Schilling,I affirm I am a Democrat.,82,46.86
34,340,State,Legislative,Legislative District No. 34,Representative Position No. 2,45818,106023,43.22,2,Jolie Lansdowne,(Prefers Republican Party),6398,14.54
34,340,State,Legislative,Legislative District No. 34,Representative Position No. 2,45818,106023,43.22,1,Joe Fitzgibbon,(Prefers Democratic Party),37571,85.36
34,340,State,Legislative,Legislative District No. 34,Representative Position No. 2,45818,106023,43.22,12,Write-in,,47,0.11
118,830,Precinct Committee Officer,PRECINCT,BUR 33-3752,Precinct Committee Officer - Democratic,264,506,52.17,1,Donna Christensen-Salcedo,I affirm I am a Democrat.,60,48.00
118,830,Precinct Committee Officer,PRECINCT,BUR 33-3752,Precinct Committee Officer - Democratic,264,506,52.17,2,Sarah Brusig,I affirm I am a Democrat.,65,52.00
38,380,State,Legislative,Legislative District No. 37,Representative Position No. 2,38987,100928,38.63,1,Chipalo Street,(Prefers Democratic Party),33513,93.91
38,380,State,Legislative,Legislative District No. 37,Representative Position No. 2,38987,100928,38.63,12,Write-in,,200,0.56
38,380,State,Legislative,Legislative District No. 37,Representative Position No. 2,38987,100928,38.63,2,Matt McCally,(Prefers Libertarian Party),1972,5.53
188,1450,Precinct Committee Officer,PRECINCT,SEA 46-1272,Precinct Committee Officer - Democratic,272,600,45.33,2,John Rhodes,I affirm I am a Democrat.,23,17.04
188,1450,Precinct Committee Officer,PRECINCT,SEA 46-1272,Precinct Committee Officer - Democratic,272,600,45.33,1,Lisa C. Stuebing,I affirm I am a Democrat.,112,82.96
48,480,State,Legislative,Legislative District No. 47,Representative Position No. 1,31010,90629,34.22,1,Debra Jean Entenman,(Prefers Democratic Party),17093,57.30
48,480,State,Legislative,Legislative District No. 47,Representative Position No. 1,31010,90629,34.22,12,Write-in,,59,0.20
48,480,State,Legislative,Legislative District No. 47,Representative Position No. 1,31010,90629,34.22,2,Kyle Lyebyedyev,(Prefers Republican Party),12678,42.50
56,560,City,City/Town,City of Des Moines,Proposition No. 1,7617,19216,39.64,2,Rejected,,4149,55.68
56,560,City,City/Town,City of Des Moines,Proposition No. 1,7617,19216,39.64,1,Approved,,3303,44.32
139,1170,Precinct Committee Officer,PRECINCT,SEA 34-1497,Precinct Committee Officer - Democratic,348,842,41.33,2,Rachel Glass,I affirm I am a Democrat.,150,70.09
139,1170,Precinct Committee Officer,PRECINCT,SEA 34-1497,Precinct Committee Officer - Democratic,348,842,41.33,1,Sarah Leon,I affirm I am a Democrat.,64,29.91
94,1520,Precinct Committee Officer,PRECINCT,SEA 46-2094,Precinct Committee Officer - Democratic,141,274,51.46,2,Michele Bat-or,I affirm I am a Democrat.,19,26.39
94,1520,Precinct Committee Officer,PRECINCT,SEA 46-2094,Precinct Committee Officer - Democratic,141,274,51.46,1,Cindy S Keyser,I affirm I am a Democrat.,53,73.61
136,900,Precinct Committee Officer,PRECINCT,DUV 45-3219,Precinct Committee Officer - Republican,350,817,42.84,2,Yuping Liu,I affirm I am a Republican.,12,15.19
136,900,Precinct Committee Officer,PRECINCT,DUV 45-3219,Precinct Committee Officer - Republican,350,817,42.84,1,Joseph H. Vandal,I affirm I am a Republican.,67,84.81
108,1270,Precinct Committee Officer,PRECINCT,SEA 37-1840,Precinct Committee Officer - Democratic,300,760,39.47,2,Mariah Odessa Mitchell,I affirm I am a Democrat.,60,43.48
108,1270,Precinct Committee Officer,PRECINCT,SEA 37-1840,Precinct Committee Officer - Democratic,300,760,39.47,3,Shelby Leo Green III,I affirm I am a Democrat.,34,24.64
108,1270,Precinct Committee Officer,PRECINCT,SEA 37-1840,Precinct Committee Officer - Democratic,300,760,39.47,1,Richard O'Neill,I affirm I am a Democrat.,44,31.88
51,175,State,Legislative,Legislative District No. 5,State Senator,46834,107598,43.53,1,Bill Ramos,(Prefers Democratic Party),24309,53.78
51,175,State,Legislative,Legislative District No. 5,State Senator,46834,107598,43.53,2,Chad Magendanz,(Prefers Republican Party),20865,46.16
51,175,State,Legislative,Legislative District No. 5,State Senator,46834,107598,43.53,12,Write-in,,28,0.06
6,60,State,State Executive,State of Washington,Governor,559374,1391729,40.19,13,Bob Ferguson,(Prefers Democratic Party),340334,61.30
6,60,State,State Executive,State of Washington,Governor,559374,1391729,40.19,26,A.L. Brown,(Prefers Republican Party),506,0.09
6,60,State,State Executive,State of Washington,Governor,559374,1391729,40.19,24,Alan Makayev,(Prefers Nonsense Busters Party),253,0.05
6,60,State,State Executive,State of Washington,Governor,559374,1391729,40.19,17,Don L Rivers,(Prefers Democratic Party),2553,0.46
6,60,State,State Executive,State of Washington,Governor,559374,1391729,40.19,16,Dave Reichert,(Prefers Republican Party),109374,19.70
6,60,State,State Executive,State of Washington,Governor,559374,1391729,40.19,5,Jeff Curry,(Prefers Independent Party),980,0.18
6,60,State,State Executive,State of Washington,Governor,559374,1391729,40.19,28,Bill Hirt,(Prefers Republican Party),250,0.05
6,60,State,State Executive,State of Washington,Governor,559374,1391729,40.19,18,Jim Clark,(States No Party Preference),402,0.07
6,60,State,State Executive,State of Washington,Governor,559374,1391729,40.19,12,Ricky Anthony,(Prefers Democratic Party),1302,0.23
6,60,State,State Executive,State of Washington,Governor,559374,1391729,40.19,7,Mark Mullet,(Prefers Democratic Party),45323,8.16
6,60,State,State Executive,State of Washington,Governor,559374,1391729,40.19,23,William Combs,(Prefers Independent Party),156,0.03
6,60,State,State Executive,State of Washington,Governor,559374,1391729,40.19,15,Michael DePaula,(Prefers Libertarian Party),810,0.15
6,60,State,State Executive,State of Washington,Governor,559374,1391729,40.19,6,Alex Tsimerman,(Prefers Standup-America Party),254,0.05
6,60,State,State Executive,State of Washington,Governor,559374,1391729,40.19,10,Andre Stackhouse,(Prefers Green Party),4158,0.75
6,60,State,State Executive,State of Washington,Governor,559374,1391729,40.19,4,Cassondra Magdalene Hanson,(Prefers Democratic Party),4771,0.86
6,60,State,State Executive,State of Washington,Governor,559374,1391729,40.19,30,Semi Bird,(Prefers Republican Party),19521,3.52
6,60,State,State Executive,State of Washington,Governor,559374,1391729,40.19,40,Write-in,,349,0.06
6,60,State,State Executive,State of Washington,Governor,559374,1391729,40.19,22,Frank Dare,(Prefers Independent Party),182,0.03
6,60,State,State Executive,State of Washington,Governor,559374,1391729,40.19,25,Brian Bogen,(Prefers Nonpartisan Party),1227,0.22
6,60,State,State Executive,State of Washington,Governor,559374,1391729,40.19,29,Rosetta Marshall-Williams,(Prefers Independence Party),664,0.12
6,60,State,State Executive,State of Washington,Governor,559374,1391729,40.19,27,Brad Mjelde,(States No Party Preference),248,0.04
6,60,State,State Executive,State of Washington,Governor,559374,1391729,40.19,14,Chaytan Inman,(Prefers Democratic Party),1853,0.33
6,60,State,State Executive,State of Washington,Governor,559374,1391729,40.19,1,Jim Daniel,(Prefers Republican Party),4534,0.82
6,60,State,State Executive,State of Washington,Governor,559374,1391729,40.19,9,Jennifer Hoover,(Prefers Republican Party),2289,0.41
6,60,State,State Executive,State of Washington,Governor,559374,1391729,40.19,20,Leon A Lawson,(Prefers Trump Republican Party),3517,0.63
6,60,State,State Executive,State of Washington,Governor,559374,1391729,40.19,19,Fred Grant,(Prefers Democratic Party),1385,0.25
6,60,State,State Executive,State of Washington,Governor,559374,1391729,40.19,21,Edward Cale IV,(Prefers Democratic Party),559,0.10
6,60,State,State Executive,State of Washington,Governor,559374,1391729,40.19,8,Martin Lee Wheeler,(Prefers Republican Party),871,0.16
6,60,State,State Executive,State of Washington,Governor,559374,1391729,40.19,11,EL'ona Kearney,(Prefers Democratic Party),6601,1.19
166,1670,Precinct Committee Officer,PRECINCT,SEA 46-2357,Precinct Committee Officer - Democratic,260,476,54.62,2,Jim Acker,I affirm I am a Democrat.,27,19.71
166,1670,Precinct Committee Officer,PRECINCT,SEA 46-2357,Precinct Committee Officer - Democratic,260,476,54.62,1,Sharon Perlin,I affirm I am a Democrat.,110,80.29
92,1080,Precinct Committee Officer,PRECINCT,RED 48-2789,Precinct Committee Officer - Democratic,138,615,22.44,2,Zeke Tan,I affirm I am a Democrat.,24,34.78
92,1080,Precinct Committee Officer,PRECINCT,RED 48-2789,Precinct Committee Officer - Democratic,138,615,22.44,1,Scott Aldridge,I affirm I am a Democrat.,45,65.22
110,730,Precinct Committee Officer,PRECINCT,BEL 48-0218,Precinct Committee Officer - Democratic,262,634,41.32,2,Hanna Floss,I affirm I am a Democrat.,76,69.09
110,730,Precinct Committee Officer,PRECINCT,BEL 48-0218,Precinct Committee Officer - Democratic,262,634,41.32,1,Brett Parmacek,I affirm I am a Democrat.,34,30.91
148,1490,Precinct Committee Officer,PRECINCT,SEA 46-1406,Precinct Committee Officer - Democratic,249,398,62.56,2,Scott Alspach,I affirm I am a Democrat.,56,44.80
148,1490,Precinct Committee Officer,PRECINCT,SEA 46-1406,Precinct Committee Officer - Democratic,249,398,62.56,1,R. Elisabeth Burton,I affirm I am a Democrat.,69,55.20
124,1380,Precinct Committee Officer,PRECINCT,SEA 43-1889,Precinct Committee Officer - Democratic,220,484,45.45,2,Elaine Nonneman,I affirm I am a Democrat.,63,70.00
124,1380,Precinct Committee Officer,PRECINCT,SEA 43-1889,Precinct Committee Officer - Democratic,220,484,45.45,1,Alexander Gray,I affirm I am a Democrat.,27,30.00
19,485,State,Legislative,Legislative District No. 47,Representative Position No. 2,31010,90629,34.22,2,Chris Stearns,(Prefers Democratic Party),16433,55.05
19,485,State,Legislative,Legislative District No. 47,Representative Position No. 2,31010,90629,34.22,1,Ted Cooke,(Prefers Republican Party),8474,28.39
19,485,State,Legislative,Legislative District No. 47,Representative Position No. 2,31010,90629,34.22,13,Write-in,,37,0.12
19,485,State,Legislative,Legislative District No. 47,Representative Position No. 2,31010,90629,34.22,3,Brian Lott,(Prefers Republican Party),4908,16.44
147,800,Precinct Committee Officer,PRECINCT,BUR 33-0489,Precinct Committee Officer - Democratic,270,457,59.08,1,Mike Heinisch,I affirm I am a Democrat.,57,50.44
147,800,Precinct Committee Officer,PRECINCT,BUR 33-0489,Precinct Committee Officer - Democratic,270,457,59.08,2,Jeb Binns,I affirm I am a Democrat.,56,49.56
105,1630,Precinct Committee Officer,PRECINCT,SEA 46-2326,Precinct Committee Officer - Republican,232,533,43.53,2,Sandy Stephens,I affirm I am a Republican.,16,53.33
105,1630,Precinct Committee Officer,PRECINCT,SEA 46-2326,Precinct Committee Officer - Republican,232,533,43.53,1,Timothy Lassley,I affirm I am a Republican.,14,46.67
114,1230,Precinct Committee Officer,PRECINCT,SEA 36-2529,Precinct Committee Officer - Republican,251,473,53.07,1,Claire Brossmann,I affirm I am a Republican.,20,76.92
114,1230,Precinct Committee Officer,PRECINCT,SEA 36-2529,Precinct Committee Officer - Republican,251,473,53.07,2,Udo Brossmann,I affirm I am a Republican.,6,23.08
167,650,Precinct Committee Officer,PRECINCT,B-D 05-3976,Precinct Committee Officer - Democratic,407,947,42.98,1,Maureen C Schnell,I affirm I am a Democrat.,135,74.59
167,650,Precinct Committee Officer,PRECINCT,B-D 05-3976,Precinct Committee Officer - Democratic,407,947,42.98,2,Waylon Menzia,I affirm I am a Democrat.,46,25.41
168,1160,Precinct Committee Officer,PRECINCT,SEA 34-1249,Precinct Committee Officer - Democratic,231,690,33.48,1,Christian Cahua,I affirm I am a Democrat.,56,53.85
168,1160,Precinct Committee Officer,PRECINCT,SEA 34-1249,Precinct Committee Officer - Democratic,231,690,33.48,2,Drew Sayers,I affirm I am a Democrat.,48,46.15
43,430,State,Legislative,Legislative District No. 43,Representative Position No. 2,38569,94058,41.01,3,Daniel Carusello,(Prefers Democratic Party),5743,16.28
43,430,State,Legislative,Legislative District No. 43,Representative Position No. 2,38569,94058,41.01,2,Shaun Scott,(Prefers Democratic Party),20846,59.11
43,430,State,Legislative,Legislative District No. 43,Representative Position No. 2,38569,94058,41.01,14,Write-in,,276,0.78
43,430,State,Legislative,Legislative District No. 43,Representative Position No. 2,38569,94058,41.01,4,Andrea Suarez,(Prefers Democratic Party),7133,20.23
43,430,State,Legislative,Legislative District No. 43,Representative Position No. 2,38569,94058,41.01,1,Stephanie LLoyd-Agnew,(Prefers Democrat Party),1269,3.60
137,1830,Precinct Committee Officer,PRECINCT,SHL 32-1053,Precinct Committee Officer - Republican,193,377,51.19,2,Ping Liu,I affirm I am a Republican.,13,23.21
137,1830,Precinct Committee Officer,PRECINCT,SHL 32-1053,Precinct Committee Officer - Republican,193,377,51.19,1,Laura Steinmetz,I affirm I am a Republican.,43,76.79
174,1840,Precinct Committee Officer,PRECINCT,SHL 32-1210,Precinct Committee Officer - Democratic,284,786,36.13,2,Hammad Hashmi,I affirm I am a Democrat.,34,22.52
174,1840,Precinct Committee Officer,PRECINCT,SHL 32-1210,Precinct Committee Officer - Democratic,284,786,36.13,1,Eric Scheir,I affirm I am a Democrat.,117,77.48
123,1110,Precinct Committee Officer,PRECINCT,RIDGE,Precinct Committee Officer - Democratic,272,908,29.96,1,Andee Sane,I affirm I am a Democrat.,66,52.38
123,1110,Precinct Committee Officer,PRECINCT,RIDGE,Precinct Committee Officer - Democratic,272,908,29.96,2,Nicholas Montgomery,I affirm I am a Democrat.,60,47.62
122,890,Precinct Committee Officer,PRECINCT,DES 33-2820,Precinct Committee Officer - Democratic,140,533,26.27,2,Rebecca Alexander,I affirm I am a Democrat.,40,51.28
122,890,Precinct Committee Officer,PRECINCT,DES 33-2820,Precinct Committee Officer - Democratic,140,533,26.27,1,Willie Mills,I affirm I am a Democrat.,38,48.72
90,1060,Precinct Committee Officer,PRECINCT,RED 48-0950,Precinct Committee Officer - Democratic,163,523,31.17,2,Mary G Wirta,I affirm I am a Democrat.,43,63.24
90,1060,Precinct Committee Officer,PRECINCT,RED 48-0950,Precinct Committee Officer - Democratic,163,523,31.17,1,Vikram Garlapati,I affirm I am a Democrat.,25,36.76
133,740,Precinct Committee Officer,PRECINCT,BEL 48-0221,Precinct Committee Officer - Republican,217,687,31.59,1,John E Carlson,I affirm I am a Republican.,46,80.70
133,740,Precinct Committee Officer,PRECINCT,BEL 48-0221,Precinct Committee Officer - Republican,217,687,31.59,2,Sachin Lande,I affirm I am a Republican.,11,19.30
66,790,Precinct Committee Officer,PRECINCT,BUR 33-0311,Precinct Committee Officer - Democratic,305,664,45.93,2,Sabrina Roach,I affirm I am a Democrat.,94,44.76
66,790,Precinct Committee Officer,PRECINCT,BUR 33-0311,Precinct Committee Officer - Democratic,305,664,45.93,1,Linda Akey,I affirm I am a Democrat.,116,55.24
142,1300,Precinct Committee Officer,PRECINCT,SEA 37-3580,Precinct Committee Officer - Democratic,192,536,35.82,2,James Lucking,I affirm I am a Democrat.,40,36.70
142,1300,Precinct Committee Officer,PRECINCT,SEA 37-3580,Precinct Committee Officer - Democratic,192,536,35.82,1,Fran Wood,I affirm I am a Democrat.,69,63.30
67,1200,Precinct Committee Officer,PRECINCT,SEA 36-1398,Precinct Committee Officer - Democratic,262,609,43.02,1,Julia Lain,I affirm I am a Democrat.,99,76.15
67,1200,Precinct Committee Officer,PRECINCT,SEA 36-1398,Precinct Committee Officer - Democratic,262,609,43.02,2,Mackenzie McAninch,I affirm I am a Democrat.,31,23.85
1,10,Federal,Federal,Federal,United States Senator,559374,1391729,40.19,2,Dr Raul Garcia,(Prefers GOP Party),72234,13.14
1,10,Federal,Federal,Federal,United States Senator,559374,1391729,40.19,8,Scott Nazarino,(Prefers Republican Party),19022,3.46
1,10,Federal,Federal,Federal,United States Senator,559374,1391729,40.19,7,Henry Clay Dennison,(Prefers Socialist Workers Party),2620,0.48
1,10,Federal,Federal,Federal,United States Senator,559374,1391729,40.19,4,Maria Cantwell,(Prefers Democratic Party),409728,74.53
1,10,Federal,Federal,Federal,United States Senator,559374,1391729,40.19,6,Isaac A Holyk,(Prefers Republican Party),14286,2.60
1,10,Federal,Federal,Federal,United States Senator,559374,1391729,40.19,11,Goodspaceguy,(Prefers Republican Party),3731,0.68
1,10,Federal,Federal,Federal,United States Senator,559374,1391729,40.19,10,Thor Amundson,(Prefers Independent Party),2009,0.37
1,10,Federal,Federal,Federal,United States Senator,559374,1391729,40.19,5,Chuck Jackson,(Prefers Independent Party),4240,0.77
1,10,Federal,Federal,Federal,United States Senator,559374,1391729,40.19,21,Write-in,,986,0.18
1,10,Federal,Federal,Federal,United States Senator,559374,1391729,40.19,3,David Tilton,(Prefers Non-Partisan Party),3809,0.69
1,10,Federal,Federal,Federal,United States Senator,559374,1391729,40.19,9,Paul Lawrence Giesick,(Prefers Democratic Party),4023,0.73
1,10,Federal,Federal,Federal,United States Senator,559374,1391729,40.19,1,Mel Ram,(Prefers Republican Party),13047,2.37
17,170,State,Legislative,Legislative District No. 1,Representative Position No. 2,26964,61314,43.98,1,Shelley Kloba,(Prefers Democratic Party),19615,96.52
17,170,State,Legislative,Legislative District No. 1,Representative Position No. 2,26964,61314,43.98,11,Write-in,,707,3.48
59,590,Special Purpose District,Fire,King County Fire Protection District No. 16,Proposition No. 1,12209,26096,46.78,2,No,,4296,37.17
59,590,Special Purpose District,Fire,King County Fire Protection District No. 16,Proposition No. 1,12209,26096,46.78,1,Yes,,7261,62.83
120,1770,Precinct Committee Officer,PRECINCT,SET 33-3104,Precinct Committee Officer - Democratic,225,653,34.46,2,James W. Lovell,I affirm I am a Democrat.,70,50.36
120,1770,Precinct Committee Officer,PRECINCT,SET 33-3104,Precinct Committee Officer - Democratic,225,653,34.46,1,Katie Kresly,I affirm I am a Democrat.,69,49.64
5,50,Federal,Congressional,Congressional District No. 9,United States Representative,150954,432277,34.92,15,Write-in,,248,0.17
5,50,Federal,Congressional,Congressional District No. 9,United States Representative,150954,432277,34.92,4,Mark Greene,(Prefers Republican Party),9459,6.47
5,50,Federal,Congressional,Congressional District No. 9,United States Representative,150954,432277,34.92,1,Melissa Chaudhry,(Prefers Democratic Party),30229,20.66
5,50,Federal,Congressional,Congressional District No. 9,United States Representative,150954,432277,34.92,3,David Ishii,(Prefers Bipartisan Party),963,0.66
5,50,Federal,Congressional,Congressional District No. 9,United States Representative,150954,432277,34.92,2,Paul Martin,(Prefers Republican Party),26646,18.21
5,50,Federal,Congressional,Congressional District No. 9,United States Representative,150954,432277,34.92,5,Adam Smith,(Prefers Democratic Party),78761,53.83
37,370,State,Legislative,Legislative District No. 37,Representative Position No. 1,38987,100928,38.63,11,Write-in,,620,1.87
37,370,State,Legislative,Legislative District No. 37,Representative Position No. 1,38987,100928,38.63,1,Sharon Tomiko Santos,(Prefers Democratic Party),32609,98.13
70,690,Precinct Committee Officer,PRECINCT,BEL 41-3371,Precinct Committee Officer - Republican,220,710,30.99,2,Curt Maier,I affirm I am a Republican.,34,69.39
70,690,Precinct Committee Officer,PRECINCT,BEL 41-3371,Precinct Committee Officer - Republican,220,710,30.99,1,Xia Currie,I affirm I am a Republican.,15,30.61
185,1550,Precinct Committee Officer,PRECINCT,SEA 46-2252,Precinct Committee Officer - Democratic,155,294,52.72,1,Paul Nacamuli,I affirm I am a Democrat.,48,52.17
185,1550,Precinct Committee Officer,PRECINCT,SEA 46-2252,Precinct Committee Officer - Democratic,155,294,52.72,2,Frank Field,I affirm I am a Democrat.,44,47.83
21,210,State,Legislative,Legislative District No. 11,Representative Position No. 1,28723,87958,32.66,1,David Hackney,(Prefers Democratic Party),20702,95.31
21,210,State,Legislative,Legislative District No. 11,Representative Position No. 1,28723,87958,32.66,11,Write-in,,1019,4.69
158,1580,Precinct Committee Officer,PRECINCT,SEA 46-2286,Precinct Committee Officer - Democratic,260,475,54.74,1,Cat Munsen,I affirm I am a Democrat.,78,56.52
158,1580,Precinct Committee Officer,PRECINCT,SEA 46-2286,Precinct Committee Officer - Democratic,260,475,54.74,2,David G Volk,I affirm I am a Democrat.,60,43.48
97,1100,Precinct Committee Officer,PRECINCT,RED 48-3415,Precinct Committee Officer - Democratic,245,858,28.55,1,Osman Salahuddin,I affirm I am a Democrat.,89,67.94
97,1100,Precinct Committee Officer,PRECINCT,RED 48-3415,Precinct Committee Officer - Democratic,245,858,28.55,2,Robin Kimzey,I affirm I am a Democrat.,42,32.06
47,470,State,Legislative,Legislative District No. 46,Representative Position No. 2,46072,102587,44.91,1,Darya Farivar,(Prefers Democratic Party),38269,88.53
47,470,State,Legislative,Legislative District No. 46,Representative Position No. 2,46072,102587,44.91,12,Write-in,,88,0.20
47,470,State,Legislative,Legislative District No. 46,Representative Position No. 2,46072,102587,44.91,2,Simone Barron,(Prefers Republican Party),4870,11.27
132,1000,Precinct Committee Officer,PRECINCT,NEW 41-1115,Precinct Committee Officer - Republican,318,764,41.62,2,David Witham,I affirm I am a Republican.,60,68.97
132,1000,Precinct Committee Officer,PRECINCT,NEW 41-1115,Precinct Committee Officer - Republican,318,764,41.62,1,Yingzhang Chen,I affirm I am a Republican.,27,31.03
171,1440,Precinct Committee Officer,PRECINCT,SEA 46-1269,Precinct Committee Officer - Democratic,214,394,54.31,1,Majken Ryherd,I affirm I am a Democrat.,74,80.43
171,1440,Precinct Committee Officer,PRECINCT,SEA 46-1269,Precinct Committee Officer - Democratic,214,394,54.31,2,Mark Hennon,I affirm I am a Democrat.,18,19.57
87,670,Precinct Committee Officer,PRECINCT,BEL 41-2429,Precinct Committee Officer - Democratic,344,816,42.16,1,Sonja Ross,I affirm I am a Democrat.,69,40.35
87,670,Precinct Committee Officer,PRECINCT,BEL 41-2429,Precinct Committee Officer - Democratic,344,816,42.16,2,Kat Pipkin,I affirm I am a Democrat.,102,59.65
24,240,State,Legislative,Legislative District No. 12,Representative Position No. 2,11480,26781,42.87,13,Write-in,,532,6.26
24,240,State,Legislative,Legislative District No. 12,Representative Position No. 2,11480,26781,42.87,3,Daniel Scott,(Prefers Republican Party),2568,30.24
24,240,State,Legislative,Legislative District No. 12,Representative Position No. 2,11480,26781,42.87,2,Mike Steele,(Prefers Republican Party),5393,63.50
69,640,Precinct Committee Officer,PRECINCT,BACUS,Precinct Committee Officer - Republican,346,761,45.47,1,Sayra Hill,I affirm I am a Republican.,30,31.58
69,640,Precinct Committee Officer,PRECINCT,BACUS,Precinct Committee Officer - Republican,346,761,45.47,2,Barbara Hagstrom,I affirm I am a Republican.,65,68.42
130,980,Precinct Committee Officer,PRECINCT,MARIAN,Precinct Committee Officer - Democratic,173,646,26.78,2,Danielle Davis,I affirm I am a Democrat.,66,66.00
130,980,Precinct Committee Officer,PRECINCT,MARIAN,Precinct Committee Officer - Democratic,173,646,26.78,1,Casper Carrillo,I affirm I am a Democrat.,34,34.00
93,1610,Precinct Committee Officer,PRECINCT,SEA 46-2314,Precinct Committee Officer - Democratic,225,423,53.19,1,Nancy Lichter,I affirm I am a Democrat.,109,71.71
93,1610,Precinct Committee Officer,PRECINCT,SEA 46-2314,Precinct Committee Officer - Democratic,225,423,53.19,2,Lori Lynn Mahieu,I affirm I am a Democrat.,43,28.29
2,20,Federal,Congressional,Congressional District No. 1,United States Representative,68874,175381,39.27,1,Orion Webster,(Prefers Republican Party),4199,6.25
2,20,Federal,Congressional,Congressional District No. 1,United States Representative,68874,175381,39.27,4,Suzan DelBene,(Prefers Democratic Party),48774,72.64
2,20,Federal,Congressional,Congressional District No. 1,United States Representative,68874,175381,39.27,6,Jeb Brewer,(Prefers Republican Party),5294,7.88
2,20,Federal,Congressional,Congressional District No. 1,United States Representative,68874,175381,39.27,5,Matt Heines,(Prefers Trump Republican Party),2483,3.70
2,20,Federal,Congressional,Congressional District No. 1,United States Representative,68874,175381,39.27,16,Write-in,,207,0.31
2,20,Federal,Congressional,Congressional District No. 1,United States Representative,68874,175381,39.27,2,Mary Silva,(Prefers Republican Party),3454,5.14
2,20,Federal,Congressional,Congressional District No. 1,United States Representative,68874,175381,39.27,3,Derek Chartrand,(Prefers Calm Rational GOP Party),2733,4.07
145,990,Precinct Committee Officer,PRECINCT,MERLOT,Precinct Committee Officer - Republican,234,495,47.27,1,Jeannie Kriha,I affirm I am a Republican.,33,60.00
145,990,Precinct Committee Officer,PRECINCT,MERLOT,Precinct Committee Officer - Republican,234,495,47.27,2,Deidre Britt Sagrelius,I affirm I am a Republican.,22,40.00
39,390,State,Legislative,Legislative District No. 41,State Senator,40311,99291,40.60,1,Lisa Wellman,(Prefers Democratic Party),27935,73.34
39,390,State,Legislative,Legislative District No. 41,State Senator,40311,99291,40.60,12,Write-in,,97,0.25
39,390,State,Legislative,Legislative District No. 41,State Senator,40311,99291,40.60,2,Jaskaran Singh Sarao,(Prefers Republican Party),10059,26.41
119,1570,Precinct Committee Officer,PRECINCT,SEA 46-2271,Precinct Committee Officer - Democratic,255,500,51.00,2,Margaret Cary,I affirm I am a Democrat.,93,75.61
119,1570,Precinct Committee Officer,PRECINCT,SEA 46-2271,Precinct Committee Officer - Democratic,255,500,51.00,1,Don Doering,I affirm I am a Democrat.,30,24.39
29,290,State,Legislative,Legislative District No. 32,Representative Position No. 1,23275,51987,44.77,12,Write-in,,24,0.11
29,290,State,Legislative,Legislative District No. 32,Representative Position No. 1,23275,51987,44.77,2,Lisa Rezac,(Prefers Republican Party),4197,18.71
29,290,State,Legislative,Legislative District No. 32,Representative Position No. 1,23275,51987,44.77,1,Cindy Ryu,(Prefers Democratic Party),18205,81.18
169,720,Precinct Committee Officer,PRECINCT,BEL 48-0212,Precinct Committee Officer - Democratic,231,701,32.95,2,Ron Lovell,I affirm I am a Democrat.,117,76.97
169,720,Precinct Committee Officer,PRECINCT,BEL 48-0212,Precinct Committee Officer - Democratic,231,701,32.95,1,Nagesh Pabbisetty,I affirm I am a Democrat.,35,23.03
186,840,Precinct Committee Officer,PRECINCT,COV 47-0566,Precinct Committee Officer - Republican,120,434,27.65,1,Lisa Templeton,I affirm I am a Republican.,36,67.92
186,840,Precinct Committee Officer,PRECINCT,COV 47-0566,Precinct Committee Officer - Republican,120,434,27.65,2,Kimberley Pitcher,I affirm I am a Republican.,17,32.08
155,1810,Precinct Committee Officer,PRECINCT,SHL 32-0474,Precinct Committee Officer - Democratic,149,360,41.39,2,Bradley Cabe,I affirm I am a Democrat.,31,50.00
155,1810,Precinct Committee Officer,PRECINCT,SHL 32-0474,Precinct Committee Officer - Democratic,149,360,41.39,1,Abe Bender,I affirm I am a Democrat.,31,50.00
28,280,State,Legislative,Legislative District No. 31,Representative Position No. 2,4779,12923,36.98,14,Write-in,,5,0.11
28,280,State,Legislative,Legislative District No. 31,Representative Position No. 2,4779,12923,36.98,1,Bill Thomas,(Prefers Democratic Party),354,7.82
28,280,State,Legislative,Legislative District No. 31,Representative Position No. 2,4779,12923,36.98,3,Brian L. Gunn,(Prefers Democratic Party),1581,34.92
28,280,State,Legislative,Legislative District No. 31,Representative Position No. 2,4779,12923,36.98,4,Brandon Beynon,(Prefers Republican Party),954,21.07
28,280,State,Legislative,Legislative District No. 31,Representative Position No. 2,4779,12923,36.98,2,Joshua Penner,(Prefers Republican Party),1633,36.07
45,450,State,Legislative,Legislative District No. 45,Representative Position No. 2,41334,97930,42.21,2,Melissa Demyan,(Prefers Democratic Party),16405,47.86
45,450,State,Legislative,Legislative District No. 45,Representative Position No. 2,41334,97930,42.21,12,Write-in,,968,2.82
45,450,State,Legislative,Legislative District No. 45,Representative Position No. 2,41334,97930,42.21,1,Larry Springer,(Prefers Democratic Party),16904,49.32
64,1660,Precinct Committee Officer,PRECINCT,SEA 46-2355,Precinct Committee Officer - Democratic,165,354,46.61,1,Rosann Benedict,I affirm I am a Democrat.,41,66.13
64,1660,Precinct Committee Officer,PRECINCT,SEA 46-2355,Precinct Committee Officer - Democratic,165,354,46.61,2,Robert Amkraut,I affirm I am a Democrat.,21,33.87
115,820,Precinct Committee Officer,PRECINCT,BUR 33-1067,Precinct Committee Officer - Democratic,170,505,33.66,1,Mary Soderlind,I affirm I am a Democrat.,44,53.66
115,820,Precinct Committee Officer,PRECINCT,BUR 33-1067,Precinct Committee Officer - Democratic,170,505,33.66,2,Jennifer Fichamba,I affirm I am a Democrat.,38,46.34
75,1850,Precinct Committee Officer,PRECINCT,SHL 32-2753,Precinct Committee Officer - Democratic,230,748,30.75,1,Heather Yingling,I affirm I am a Democrat.,94,68.12
75,1850,Precinct Committee Officer,PRECINCT,SHL 32-2753,Precinct Committee Officer - Democratic,230,748,30.75,2,Alan D Charnley,I affirm I am a Democrat.,44,31.88
46,460,State,Legislative,Legislative District No. 46,"Representative Position No. 1  ",46072,102587,44.91,1,Beth Daranciang,(Prefers Republican Party),4464,10.16
46,460,State,Legislative,Legislative District No. 46,"Representative Position No. 1  ",46072,102587,44.91,3,Ahndylyn Kinney,(Prefers Democratic Party),2853,6.49
46,460,State,Legislative,Legislative District No. 46,"Representative Position No. 1  ",46072,102587,44.91,13,Write-in,,75,0.17
46,460,State,Legislative,Legislative District No. 46,"Representative Position No. 1  ",46072,102587,44.91,2,Gerry Pollet,(Prefers Democratic Party),36545,83.18
144,680,Precinct Committee Officer,PRECINCT,BEL 41-3371,Precinct Committee Officer - Democratic,220,710,30.99,1,Orna Anny Berryman,I affirm I am a Democrat.,62,51.67
144,680,Precinct Committee Officer,PRECINCT,BEL 41-3371,Precinct Committee Officer - Democratic,220,710,30.99,2,Clarence Gunn,I affirm I am a Democrat.,58,48.33
26,260,State,Legislative,Legislative District No. 30,Representative Position No. 2,26853,80845,33.22,1,Kristine M. Reeves,(Prefers Democratic Party),15358,59.20
26,260,State,Legislative,Legislative District No. 30,Representative Position No. 2,26853,80845,33.22,2,Quentin Morris,(Prefers Republican Party),10567,40.73
26,260,State,Legislative,Legislative District No. 30,Representative Position No. 2,26853,80845,33.22,12,Write-in,,16,0.06
140,970,Precinct Committee Officer,PRECINCT,LYNN,Precinct Committee Officer - Democratic,189,482,39.21,2,Dawn Steinwright,I affirm I am a Democrat.,44,61.11
140,970,Precinct Committee Officer,PRECINCT,LYNN,Precinct Committee Officer - Democratic,189,482,39.21,1,Leigh During,I affirm I am a Democrat.,28,38.89
36,360,State,Legislative,Legislative District No. 36,Representative Position No. 2,50208,109657,45.79,2,Liz Berry,(Prefers Democratic Party),42671,89.84
36,360,State,Legislative,Legislative District No. 36,Representative Position No. 2,50208,109657,45.79,1,Victoria Palmer,(Prefers Republican Party),4737,9.97
36,360,State,Legislative,Legislative District No. 36,Representative Position No. 2,50208,109657,45.79,12,Write-in,,89,0.19
35,350,State,Legislative,Legislative District No. 36,Representative Position No. 1,50208,109657,45.79,11,Write-in,,660,1.61
35,350,State,Legislative,Legislative District No. 36,Representative Position No. 1,50208,109657,45.79,1,Julia Grant Reed,(Prefers Democratic Party),40426,98.39
15,150,State,Legislative,Legislative District No. 1,State Senator,26964,61314,43.98,11,Write-in,,703,3.42
15,150,State,Legislative,Legislative District No. 1,State Senator,26964,61314,43.98,1,Derek Stanford,(Prefers Democratic Party),19850,96.58
189,1070,Precinct Committee Officer,PRECINCT,RED 48-2466,Precinct Committee Officer - Democratic,387,812,47.66,1,Vivek Prakriya,I affirm I am a Democrat.,129,67.19
189,1070,Precinct Committee Officer,PRECINCT,RED 48-2466,Precinct Committee Officer - Democratic,387,812,47.66,2,Frederick Wamsley,I affirm I am a Democrat.,63,32.81
127,1430,Precinct Committee Officer,PRECINCT,SEA 46-1268,Precinct Committee Officer - Democratic,211,364,57.97,2,Alan Chitlik,I affirm I am a Democrat.,30,30.61
127,1430,Precinct Committee Officer,PRECINCT,SEA 46-1268,Precinct Committee Officer - Democratic,211,364,57.97,1,April Livingston,I affirm I am a Democrat.,68,69.39
68,1290,Precinct Committee Officer,PRECINCT,SEA 37-1941,Precinct Committee Officer - Democratic,276,530,52.08,1,John Godfrey,I affirm I am a Democrat.,86,64.66
68,1290,Precinct Committee Officer,PRECINCT,SEA 37-1941,Precinct Committee Officer - Democratic,276,530,52.08,2,Rob Foxcurran,I affirm I am a Democrat.,47,35.34
146,1320,Precinct Committee Officer,PRECINCT,SEA 43-1373,Precinct Committee Officer - Democratic,205,381,53.81,1,Sam McVeety,I affirm I am a Democrat.,52,37.14
146,1320,Precinct Committee Officer,PRECINCT,SEA 43-1373,Precinct Committee Officer - Democratic,205,381,53.81,2,Carl Slater,I affirm I am a Democrat.,88,62.86
84,1560,Precinct Committee Officer,PRECINCT,SEA 46-2260,Precinct Committee Officer - Democratic,463,781,59.28,1,Erica Bryce Cannatelli,I affirm I am a Democrat.,140,66.99
84,1560,Precinct Committee Officer,PRECINCT,SEA 46-2260,Precinct Committee Officer - Democratic,463,781,59.28,2,Galit Ezekiel,I affirm I am a Democrat.,69,33.01
4,40,Federal,Congressional,Congressional District No. 8,United States Representative,115703,276003,41.92,3,Keith Arnold,(Prefers Democratic Party),1394,1.24
4,40,Federal,Congressional,Congressional District No. 8,United States Representative,115703,276003,41.92,2,Carmen Goers,(Prefers Republican Party),40137,35.64
4,40,Federal,Congressional,Congressional District No. 8,United States Representative,115703,276003,41.92,4,Imraan Siddiqi,(Prefers Democratic Party),5331,4.73
4,40,Federal,Congressional,Congressional District No. 8,United States Representative,115703,276003,41.92,1,Kim Schrier,(Prefers Democratic Party),65593,58.24
4,40,Federal,Congressional,Congressional District No. 8,United States Representative,115703,276003,41.92,14,Write-in,,172,0.15
27,270,State,Legislative,Legislative District No. 31,Representative Position No. 1,4779,12923,36.98,2,Sara Sutterfield,(Prefers Democratic Party),1823,39.85
27,270,State,Legislative,Legislative District No. 31,Representative Position No. 1,4779,12923,36.98,12,Write-in,,5,0.11
27,270,State,Legislative,Legislative District No. 31,Representative Position No. 1,4779,12923,36.98,1,Drew Stokesbary,(Prefers Republican Party),2747,60.04
79,1030,Precinct Committee Officer,PRECINCT,RED 45-3282,Precinct Committee Officer - Democratic,185,429,43.12,1,Brian Roney,I affirm I am a Democrat.,22,27.50
79,1030,Precinct Committee Officer,PRECINCT,RED 45-3282,Precinct Committee Officer - Democratic,185,429,43.12,2,Priyanka Dua,I affirm I am a Democrat.,58,72.50
40,400,State,Legislative,Legislative District No. 41,Representative Position No. 1,40311,99291,40.60,1,Emily Tadlock,(Prefers Republican Party),10719,27.76
40,400,State,Legislative,Legislative District No. 41,Representative Position No. 1,40311,99291,40.60,3,Stan Lippmann,(Prefers Antiadministration Party),714,1.85
40,400,State,Legislative,Legislative District No. 41,Representative Position No. 1,40311,99291,40.60,13,Write-in,,64,0.17
40,400,State,Legislative,Legislative District No. 41,Representative Position No. 1,40311,99291,40.60,2,Tana Senn,(Prefers Democratic Party),27122,70.23
18,235,State,Legislative,Legislative District No. 12,Representative Position No. 1,11480,26781,42.87,13,Write-in,,7,0.06
18,235,State,Legislative,Legislative District No. 12,Representative Position No. 1,11480,26781,42.87,3,Jennifer Bumpus,(Prefers Republican Party),1532,13.99
18,235,State,Legislative,Legislative District No. 12,Representative Position No. 1,11480,26781,42.87,1,Heather Koellen,(Prefers Democratic Party),6429,58.70
18,235,State,Legislative,Legislative District No. 12,Representative Position No. 1,11480,26781,42.87,2,Brian Burnett,(Prefers Republican Party),2984,27.25
55,550,City,City/Town,City of Covington,Proposition No. 1,4924,13740,35.84,2,No,,2091,43.36
55,550,City,City/Town,City of Covington,Proposition No. 1,4924,13740,35.84,1,Yes,,2731,56.64
162,1140,Precinct Committee Officer,PRECINCT,SEA 32-2209,Precinct Committee Officer - Republican,361,632,57.12,1,Joylee Wu,I affirm I am a Republican.,16,44.44
162,1140,Precinct Committee Officer,PRECINCT,SEA 32-2209,Precinct Committee Officer - Republican,361,632,57.12,2,Richard Wu,I affirm I am a Republican.,20,55.56
149,850,Precinct Committee Officer,PRECINCT,DES 33-0911,Precinct Committee Officer - Democratic,217,688,31.54,1,Hamdi Abdinur,I affirm I am a Democrat.,33,31.13
149,850,Precinct Committee Officer,PRECINCT,DES 33-0911,Precinct Committee Officer - Democratic,217,688,31.54,2,Jayme Wagner,I affirm I am a Democrat.,73,68.87
30,300,State,Legislative,Legislative District No. 32,Representative Position No. 2,23275,51987,44.77,1,Lori Theis,(Prefers Republican Party),4133,18.62
30,300,State,Legislative,Legislative District No. 32,Representative Position No. 2,23275,51987,44.77,2,Lauren Davis,(Prefers Democratic Party),16676,75.12
30,300,State,Legislative,Legislative District No. 32,Representative Position No. 2,23275,51987,44.77,3,Dunia Wabenga,(Prefers Democratic Party),1378,6.21
30,300,State,Legislative,Legislative District No. 32,Representative Position No. 2,23275,51987,44.77,13,Write-in,,12,0.05
100,1890,Precinct Committee Officer,PRECINCT,WINTERGREEN,Precinct Committee Officer - Democratic,152,364,41.76,1,Archana Bellamkonda,I affirm I am a Democrat.,30,57.69
100,1890,Precinct Committee Officer,PRECINCT,WINTERGREEN,Precinct Committee Officer - Democratic,152,364,41.76,2,Sallee Carlson,I affirm I am a Democrat.,22,42.31
128,1280,Precinct Committee Officer,PRECINCT,SEA 37-1899,Precinct Committee Officer - Democratic,236,442,53.39,1,Joseph Kliegman,I affirm I am a Democrat.,53,41.73
128,1280,Precinct Committee Officer,PRECINCT,SEA 37-1899,Precinct Committee Officer - Democratic,236,442,53.39,2,Bobby Forch,I affirm I am a Democrat.,74,58.27
138,660,Precinct Committee Officer,PRECINCT,BEL 41-0102,Precinct Committee Officer - Democratic,172,467,36.83,1,Erin Walker,I affirm I am a Democrat.,46,76.67
138,660,Precinct Committee Officer,PRECINCT,BEL 41-0102,Precinct Committee Officer - Democratic,172,467,36.83,2,Dexter Borbe,I affirm I am a Democrat.,14,23.33
20,200,State,Legislative,Legislative District No. 11,State Senator,28723,87958,32.66,11,Write-in,,1046,4.71
20,200,State,Legislative,Legislative District No. 11,State Senator,28723,87958,32.66,1,Bob Hasegawa,(Prefers Democratic Party),21167,95.29
41,410,State,Legislative,Legislative District No. 41,Representative Position No. 2,40311,99291,40.60,2,My-Linh Thai,(Prefers Democratic Party),26509,68.60
41,410,State,Legislative,Legislative District No. 41,Representative Position No. 2,40311,99291,40.60,3,Al Rosenthal,(Prefers Republican Party),7157,18.52
41,410,State,Legislative,Legislative District No. 41,Representative Position No. 2,40311,99291,40.60,1,Pamela J Randolph,(Prefers Republican Party),4938,12.78
41,410,State,Legislative,Legislative District No. 41,Representative Position No. 2,40311,99291,40.60,13,Write-in,,40,0.10
173,1460,Precinct Committee Officer,PRECINCT,SEA 46-1309,Precinct Committee Officer - Democratic,277,604,45.86,1,David Zimand,I affirm I am a Democrat.,78,64.46
173,1460,Precinct Committee Officer,PRECINCT,SEA 46-1309,Precinct Committee Officer - Democratic,277,604,45.86,2,David Ross,I affirm I am a Democrat.,43,35.54
86,1600,Precinct Committee Officer,PRECINCT,SEA 46-2295,Precinct Committee Officer - Democratic,265,525,50.48,2,Zack Murray,I affirm I am a Democrat.,21,16.03
86,1600,Precinct Committee Officer,PRECINCT,SEA 46-2295,Precinct Committee Officer - Democratic,265,525,50.48,1,Sharon London,I affirm I am a Democrat.,110,83.97
13,130,State,State Executive,State of Washington,Superintendent of Public Instruction,559374,1391729,40.19,4,David Olson,,102057,19.92
13,130,State,State Executive,State of Washington,Superintendent of Public Instruction,559374,1391729,40.19,2,Chris Reykdal,,243812,47.60
13,130,State,State Executive,State of Washington,Superintendent of Public Instruction,559374,1391729,40.19,1,Reid Saaris,,147958,28.89
13,130,State,State Executive,State of Washington,Superintendent of Public Instruction,559374,1391729,40.19,14,Write-in,,1342,0.26
13,130,State,State Executive,State of Washington,Superintendent of Public Instruction,559374,1391729,40.19,3,John Patterson Blair,,17051,3.33
63,1710,Precinct Committee Officer,PRECINCT,SET 33-3059,Precinct Committee Officer - Democratic,156,759,20.55,1,Ashley Zeufeldt,I affirm I am a Democrat.,39,39.80
63,1710,Precinct Committee Officer,PRECINCT,SET 33-3059,Precinct Committee Officer - Democratic,156,759,20.55,2,Hillary Gonzalez-Delgado,I affirm I am a Democrat.,59,60.20
60,600,Special Purpose District,Fire,South King Fire,Proposition No. 1,30551,87161,35.05,2,No,,10155,34.72
60,600,Special Purpose District,Fire,South King Fire,Proposition No. 1,30551,87161,35.05,1,Yes,,19094,65.28
91,1050,Precinct Committee Officer,PRECINCT,RED 45-3926,Precinct Committee Officer - Democratic,258,642,40.19,2,Kathleen Reynolds,I affirm I am a Democrat.,87,76.32
91,1050,Precinct Committee Officer,PRECINCT,RED 45-3926,Precinct Committee Officer - Democratic,258,642,40.19,1,Venkat Iyer,I affirm I am a Democrat.,27,23.68
143,860,Precinct Committee Officer,PRECINCT,DES 33-2416,Precinct Committee Officer - Democratic,218,577,37.78,1,Julie Saul,I affirm I am a Democrat.,75,70.09
143,860,Precinct Committee Officer,PRECINCT,DES 33-2416,Precinct Committee Officer - Democratic,218,577,37.78,2,Kerry Allman,I affirm I am a Democrat.,32,29.91
177,1360,Precinct Committee Officer,PRECINCT,SEA 43-1860,Precinct Committee Officer - Democratic,116,441,26.30,2,Daniel Heppner,I affirm I am a Democrat.,29,43.28
177,1360,Precinct Committee Officer,PRECINCT,SEA 43-1860,Precinct Committee Officer - Democratic,116,441,26.30,1,Emeka Alozie,I affirm I am a Democrat.,38,56.72
107,1510,Precinct Committee Officer,PRECINCT,SEA 46-2050,Precinct Committee Officer - Democratic,142,541,26.25,1,Ryan Clark,I affirm I am a Democrat.,24,27.91
107,1510,Precinct Committee Officer,PRECINCT,SEA 46-2050,Precinct Committee Officer - Democratic,142,541,26.25,2,Shayna Daitch,I affirm I am a Democrat.,62,72.09
61,610,Special Purpose District,Regional Fire Authority,Valley Regional Fire Authority,Proposition No. 1,14391,44841,32.09,1,Yes,,10537,76.47
61,610,Special Purpose District,Regional Fire Authority,Valley Regional Fire Authority,Proposition No. 1,14391,44841,32.09,2,No,,3242,23.53
12,120,State,State Executive,State of Washington,Commissioner of Public Lands,559374,1391729,40.19,5,Patrick DePoe,(Prefers Democratic Party),98895,18.49
12,120,State,State Executive,State of Washington,Commissioner of Public Lands,559374,1391729,40.19,2,Jaime Herrera Beutler,(Prefers Republican Party),74418,13.91
12,120,State,State Executive,State of Washington,Commissioner of Public Lands,559374,1391729,40.19,6,Jeralee Anderson,(Prefers Democratic Party),22350,4.18
12,120,State,State Executive,State of Washington,Commissioner of Public Lands,559374,1391729,40.19,1,Allen Lebovitz,(Prefers Democratic Party),58307,10.90
12,120,State,State Executive,State of Washington,Commissioner of Public Lands,559374,1391729,40.19,3,Dave Upthegrove,(Prefers Democratic Party),186313,34.83
12,120,State,State Executive,State of Washington,Commissioner of Public Lands,559374,1391729,40.19,7,Kevin Van De Wege,(Prefers Democratic Party),35406,6.62
12,120,State,State Executive,State of Washington,Commissioner of Public Lands,559374,1391729,40.19,17,Write-in,,370,0.07
12,120,State,State Executive,State of Washington,Commissioner of Public Lands,559374,1391729,40.19,4,Sue Kuehl Pederson,(Prefers Republican Party),58920,11.01
74,1530,Precinct Committee Officer,PRECINCT,SEA 46-2237,Precinct Committee Officer - Democratic,303,607,49.92,2,Matthew R. Lang,I affirm I am a Democrat.,76,54.29
74,1530,Precinct Committee Officer,PRECINCT,SEA 46-2237,Precinct Committee Officer - Democratic,303,607,49.92,1,Bill Dershowitz,I affirm I am a Democrat.,64,45.71
184,1500,Precinct Committee Officer,PRECINCT,SEA 46-1955,Precinct Committee Officer - Democratic,238,636,37.42,2,Craig L. Watson,I affirm I am a Democrat.,37,38.95
184,1500,Precinct Committee Officer,PRECINCT,SEA 46-1955,Precinct Committee Officer - Democratic,238,636,37.42,1,Douglas Glazer,I affirm I am a Democrat.,58,61.05
72,1020,Precinct Committee Officer,PRECINCT,PARK,Precinct Committee Officer - Republican,311,862,36.08,2,Franklin Campbell,I affirm I am a Republican.,47,62.67
72,1020,Precinct Committee Officer,PRECINCT,PARK,Precinct Committee Officer - Republican,311,862,36.08,1,Fernando Proano,I affirm I am a Republican.,28,37.33
82,1470,Precinct Committee Officer,PRECINCT,SEA 46-1370,Precinct Committee Officer - Democratic,178,362,49.17,2,Timea Tihanyi,I affirm I am a Democrat.,42,50.00
82,1470,Precinct Committee Officer,PRECINCT,SEA 46-1370,Precinct Committee Officer - Democratic,178,362,49.17,1,Sam Zinner,I affirm I am a Democrat.,42,50.00
88,1590,Precinct Committee Officer,PRECINCT,SEA 46-2291,Precinct Committee Officer - Democratic,272,647,42.04,1,Ellie van Bever,I affirm I am a Democrat.,114,79.72
88,1590,Precinct Committee Officer,PRECINCT,SEA 46-2291,Precinct Committee Officer - Democratic,272,647,42.04,2,Adam Pike Collegeman,I affirm I am a Democrat.,29,20.28
3,30,Federal,Congressional,Congressional District No. 7,United States Representative,223843,508068,44.06,1,Dan Alexander,(Prefers Republican Party),16902,7.76
3,30,Federal,Congressional,Congressional District No. 7,United States Representative,223843,508068,44.06,2,Pramila Jayapal,(Prefers Democratic Party),174019,79.86
3,30,Federal,Congressional,Congressional District No. 7,United States Representative,223843,508068,44.06,4,Cliff Moon,(Prefers Republican Party),10070,4.62
3,30,Federal,Congressional,Congressional District No. 7,United States Representative,223843,508068,44.06,14,Write-in,,409,0.19
3,30,Federal,Congressional,Congressional District No. 7,United States Representative,223843,508068,44.06,3,Liz Hallock,(Prefers Democratic Party),16494,7.57
126,1760,Precinct Committee Officer,PRECINCT,SET 33-3101,Precinct Committee Officer - Democratic,229,513,44.64,1,Michael Sanford,I affirm I am a Democrat.,67,40.85
126,1760,Precinct Committee Officer,PRECINCT,SET 33-3101,Precinct Committee Officer - Democratic,229,513,44.64,2,Will Booth,I affirm I am a Democrat.,97,59.15
163,760,Precinct Committee Officer,PRECINCT,BEL 48-2716,Precinct Committee Officer - Republican,187,878,21.30,2,Jane Totis,I affirm I am a Republican.,25,43.86
163,760,Precinct Committee Officer,PRECINCT,BEL 48-2716,Precinct Committee Officer - Republican,187,878,21.30,1,Gregg Andrews,I affirm I am a Republican.,32,56.14
95,1190,Precinct Committee Officer,PRECINCT,SEA 36-1396,Precinct Committee Officer - Democratic,156,271,57.56,1,Sadaf Hussain,I affirm I am a Democrat.,37,42.05
95,1190,Precinct Committee Officer,PRECINCT,SEA 36-1396,Precinct Committee Officer - Democratic,156,271,57.56,2,Alice M. Woldt,I affirm I am a Democrat.,51,57.95
153,880,Precinct Committee Officer,PRECINCT,DES 33-2674,Precinct Committee Officer - Democratic,218,699,31.19,2,Brittany Furgason,I affirm I am a Democrat.,62,47.33
153,880,Precinct Committee Officer,PRECINCT,DES 33-2674,Precinct Committee Officer - Democratic,218,699,31.19,1,Azeb Hagos,I affirm I am a Democrat.,69,52.67
125,1260,Precinct Committee Officer,PRECINCT,SEA 37-1651,Precinct Committee Officer - Democratic,293,875,33.49,2,Sydney Provence,I affirm I am a Democrat.,90,51.43
125,1260,Precinct Committee Officer,PRECINCT,SEA 37-1651,Precinct Committee Officer - Democratic,293,875,33.49,1,Justin Baird,I affirm I am a Democrat.,85,48.57
99,1250,Precinct Committee Officer,PRECINCT,SEA 37-1608,Precinct Committee Officer - Democratic,313,752,41.62,1,E. Bailey Medilo,I affirm I am a Democrat.,102,61.45
99,1250,Precinct Committee Officer,PRECINCT,SEA 37-1608,Precinct Committee Officer - Democratic,313,752,41.62,2,Joe Harrington,I affirm I am a Democrat.,64,38.55
156,1790,Precinct Committee Officer,PRECINCT,SET 33-3774,Precinct Committee Officer - Democratic,107,796,13.44,3,Roger Kadeg,I affirm I am a Democrat.,9,13.04
156,1790,Precinct Committee Officer,PRECINCT,SET 33-3774,Precinct Committee Officer - Democratic,107,796,13.44,2,Ronni Hale,I affirm I am a Democrat.,35,50.72
156,1790,Precinct Committee Officer,PRECINCT,SET 33-3774,Precinct Committee Officer - Democratic,107,796,13.44,1,Elijah Golafale,I affirm I am a Democrat.,25,36.23
83,1220,Precinct Committee Officer,PRECINCT,SEA 36-2505,Precinct Committee Officer - Democratic,177,352,50.28,1,Frances Merenda,I affirm I am a Democrat.,40,44.94
83,1220,Precinct Committee Officer,PRECINCT,SEA 36-2505,Precinct Committee Officer - Democratic,177,352,50.28,2,Maureen (Mo) Brinck-Lund,I affirm I am a Democrat.,49,55.06
129,930,Precinct Committee Officer,PRECINCT,KEN 11-0893,Precinct Committee Officer - Democratic,186,834,22.30,1,Margot Ayer,I affirm I am a Democrat.,45,54.88
129,930,Precinct Committee Officer,PRECINCT,KEN 11-0893,Precinct Committee Officer - Democratic,186,834,22.30,2,Rhonda Buchanan,I affirm I am a Democrat.,37,45.12
73,1410,Precinct Committee Officer,PRECINCT,SEA 43-3566,Precinct Committee Officer - Democratic,251,553,45.39,2,Natalie Reber,I affirm I am a Democrat.,102,80.31
73,1410,Precinct Committee Officer,PRECINCT,SEA 43-3566,Precinct Committee Officer - Democratic,251,553,45.39,1,Chase A Cross,I affirm I am a Democrat.,25,19.69
77,1400,Precinct Committee Officer,PRECINCT,SEA 43-2016,Precinct Committee Officer - Democratic,169,387,43.67,2,Robert M. (Rob) Dolin,I affirm I am a Democrat.,33,41.77
77,1400,Precinct Committee Officer,PRECINCT,SEA 43-2016,Precinct Committee Officer - Democratic,169,387,43.67,1,Aspen Coyle,I affirm I am a Democrat.,46,58.23
165,1340,Precinct Committee Officer,PRECINCT,SEA 43-1845,Precinct Committee Officer - Democratic,240,687,34.93,1,Sophie Amity Debs,I affirm I am a Democrat.,114,85.07
165,1340,Precinct Committee Officer,PRECINCT,SEA 43-1845,Precinct Committee Officer - Democratic,240,687,34.93,2,Jeffrey Paul,I affirm I am a Democrat.,20,14.93
98,1680,Precinct Committee Officer,PRECINCT,SEA 46-2500,Precinct Committee Officer - Democratic,372,688,54.07,2,Garrison Dinsmore,I affirm I am a Democrat.,28,15.64
98,1680,Precinct Committee Officer,PRECINCT,SEA 46-2500,Precinct Committee Officer - Democratic,372,688,54.07,1,Erika L E Walther,I affirm I am a Democrat.,151,84.36
131,780,Precinct Committee Officer,PRECINCT,BROOKTRAILS,Precinct Committee Officer - Republican,312,577,54.07,2,Jana Lottinville,I affirm I am a Republican.,39,45.35
131,780,Precinct Committee Officer,PRECINCT,BROOKTRAILS,Precinct Committee Officer - Republican,312,577,54.07,1,Dan Farrer,I affirm I am a Republican.,47,54.65
176,1780,Precinct Committee Officer,PRECINCT,SET 33-3704,Precinct Committee Officer - Democratic,99,286,34.62,1,Joe Vinson,I affirm I am a Democrat.,28,62.22
176,1780,Precinct Committee Officer,PRECINCT,SET 33-3704,Precinct Committee Officer - Democratic,99,286,34.62,2,Iris Guzmn,I affirm I am a Democrat.,17,37.78
106,1900,Precinct Committee Officer,PRECINCT,WOD 01-3193,Precinct Committee Officer - Democratic,252,670,37.61,1,Dominik Payton Faunce,I affirm I am a Democrat.,63,59.43
106,1900,Precinct Committee Officer,PRECINCT,WOD 01-3193,Precinct Committee Officer - Democratic,252,670,37.61,2,Carl  Schwartz,I affirm I am a Democrat.,43,40.57
175,960,Precinct Committee Officer,PRECINCT,LFP 01-0655,Precinct Committee Officer - Republican,356,729,48.83,2,Victoria  Bloom,I affirm I am a Republican.,26,61.90
175,960,Precinct Committee Officer,PRECINCT,LFP 01-0655,Precinct Committee Officer - Republican,356,729,48.83,1,Zhulan Li,I affirm I am a Republican.,16,38.10
58,580,City,City/Town,City of Snoqualmie,Proposition No. 1,3367,8522,39.51,2,No,,1126,34.17
58,580,City,City/Town,City of Snoqualmie,Proposition No. 1,3367,8522,39.51,1,Yes,,2169,65.83
179,1390,Precinct Committee Officer,PRECINCT,SEA 43-1993,Precinct Committee Officer - Democratic,142,272,52.21,2,Robert Mahon,I affirm I am a Democrat.,15,19.74
179,1390,Precinct Committee Officer,PRECINCT,SEA 43-1993,Precinct Committee Officer - Democratic,142,272,52.21,1,Anne Purcell,I affirm I am a Democrat.,61,80.26
180,1620,Precinct Committee Officer,PRECINCT,SEA 46-2318,Precinct Committee Officer - Democratic,168,289,58.13,1,Jeremy King,I affirm I am a Democrat.,20,20.41
180,1620,Precinct Committee Officer,PRECINCT,SEA 46-2318,Precinct Committee Officer - Democratic,168,289,58.13,2,Kathy Kelly,I affirm I am a Democrat.,78,79.59
57,570,City,City/Town,City of Seattle,Council Position No. 8,209652,485426,43.19,2,Alexis Mercedes Rinck,,99394,50.18
57,570,City,City/Town,City of Seattle,Council Position No. 8,209652,485426,43.19,5,Saul Patu,,5958,3.01
57,570,City,City/Town,City of Seattle,Council Position No. 8,209652,485426,43.19,3,Tanya Woo,,76008,38.38
57,570,City,City/Town,City of Seattle,Council Position No. 8,209652,485426,43.19,1,Tariq Yusuf,,7521,3.80
57,570,City,City/Town,City of Seattle,Council Position No. 8,209652,485426,43.19,15,Write-in,,554,0.28
57,570,City,City/Town,City of Seattle,Council Position No. 8,209652,485426,43.19,4,Saunatina Sanchez,,8621,4.35
89,1640,Precinct Committee Officer,PRECINCT,SEA 46-2332,Precinct Committee Officer - Democratic,154,272,56.62,1,Nilu Jenks,I affirm I am a Democrat.,48,44.86
89,1640,Precinct Committee Officer,PRECINCT,SEA 46-2332,Precinct Committee Officer - Democratic,154,272,56.62,2,Deb Harrick,I affirm I am a Democrat.,59,55.14
81,1740,Precinct Committee Officer,PRECINCT,SET 33-3075,Precinct Committee Officer - Democratic,110,325,33.85,2,David Bush,I affirm I am a Democrat.,36,48.00
81,1740,Precinct Committee Officer,PRECINCT,SET 33-3075,Precinct Committee Officer - Democratic,110,325,33.85,1,Ruba Ayub,I affirm I am a Democrat.,39,52.00
7,70,State,State Executive,State of Washington,Lieutenant Governor,559374,1391729,40.19,3,Bob Hagglund,(Prefers Republican Party),55567,10.35
7,70,State,State Executive,State of Washington,Lieutenant Governor,559374,1391729,40.19,4,Dan Matthews,(Prefers Republican Party),67538,12.58
7,70,State,State Executive,State of Washington,Lieutenant Governor,559374,1391729,40.19,1,"Patrick ""Pat"" Harman",(Prefers Liberal Republican Party),10401,1.94
7,70,State,State Executive,State of Washington,Lieutenant Governor,559374,1391729,40.19,15,Write-in,,690,0.13
7,70,State,State Executive,State of Washington,Lieutenant Governor,559374,1391729,40.19,2,David Griffin,(Prefers Democratic Party),46473,8.66
7,70,State,State Executive,State of Washington,Lieutenant Governor,559374,1391729,40.19,5,Denny Heck,(Prefers Democratic Party),356195,66.35
113,940,Precinct Committee Officer,PRECINCT,KIR 48-0615,Precinct Committee Officer - Democratic,228,561,40.64,1,Laila Saliba,I affirm I am a Democrat.,79,57.66
113,940,Precinct Committee Officer,PRECINCT,KIR 48-0615,Precinct Committee Officer - Democratic,228,561,40.64,2,Kurt Dresner,I affirm I am a Democrat.,58,42.34
150,1350,Precinct Committee Officer,PRECINCT,SEA 43-1849,Precinct Committee Officer - Democratic,196,511,38.36,1,Ryan Packer,I affirm I am a Democrat.,86,74.14
150,1350,Precinct Committee Officer,PRECINCT,SEA 43-1849,Precinct Committee Officer - Democratic,196,511,38.36,2,Scott Glenn,I affirm I am a Democrat.,30,25.86
164,1010,Precinct Committee Officer,PRECINCT,NOVELTY,Precinct Committee Officer - Republican,272,646,42.11,1,Jacob Carlson,I affirm I am a Republican.,44,64.71
164,1010,Precinct Committee Officer,PRECINCT,NOVELTY,Precinct Committee Officer - Republican,272,646,42.11,2,Kari L. Vandal,I affirm I am a Republican.,24,35.29
16,160,State,Legislative,Legislative District No. 1,Representative Position No. 1,26964,61314,43.98,12,Write-in,,31,0.12
16,160,State,Legislative,Legislative District No. 1,Representative Position No. 1,26964,61314,43.98,2,Mark Davies,(Prefers Republican Party),6400,25.04
16,160,State,Legislative,Legislative District No. 1,Representative Position No. 1,26964,61314,43.98,1,Davina Duerr,(Prefers Democratic Party),19131,74.84
160,910,Precinct Committee Officer,PRECINCT,ENM 05-0413,Precinct Committee Officer - Democratic,319,629,50.72,2,Mark Dunning,I affirm I am a Democrat.,63,52.07
160,910,Precinct Committee Officer,PRECINCT,ENM 05-0413,Precinct Committee Officer - Democratic,319,629,50.72,1,Constance Pauly,I affirm I am a Democrat.,58,47.93
44,440,State,Legislative,Legislative District No. 45,Representative Position No. 1,41334,97930,42.21,11,Write-in,,1394,4.45
44,440,State,Legislative,Legislative District No. 45,Representative Position No. 1,41334,97930,42.21,1,Roger Goodman,(Prefers Democratic Party),29936,95.55
134,1730,Precinct Committee Officer,PRECINCT,SET 33-3074,Precinct Committee Officer - Democratic,202,484,41.74,1,Anela Delalic,I affirm I am a Democrat.,16,12.90
134,1730,Precinct Committee Officer,PRECINCT,SET 33-3074,Precinct Committee Officer - Democratic,202,484,41.74,2,Elizabeth Greninger,I affirm I am a Democrat.,108,87.10
23,230,State,Legislative,Legislative District No. 12,State Senator,11480,26781,42.87,2,Jim Mayhew,(Prefers Democratic Party),6565,59.77
23,230,State,Legislative,Legislative District No. 12,State Senator,11480,26781,42.87,1,Keith W. Goehner,(Prefers Republican Party),4408,40.13
23,230,State,Legislative,Legislative District No. 12,State Senator,11480,26781,42.87,12,Write-in,,10,0.09
102,1370,Precinct Committee Officer,PRECINCT,SEA 43-1888,Precinct Committee Officer - Democratic,309,700,44.14,2,Ryan Driscoll,I affirm I am a Democrat.,34,25.37
102,1370,Precinct Committee Officer,PRECINCT,SEA 43-1888,Precinct Committee Officer - Democratic,309,700,44.14,1,Isabella Maffei,I affirm I am a Democrat.,62,46.27
102,1370,Precinct Committee Officer,PRECINCT,SEA 43-1888,Precinct Committee Officer - Democratic,309,700,44.14,3,Debra Cayz,I affirm I am a Democrat.,38,28.36
170,1800,Precinct Committee Officer,PRECINCT,SET 33-3953,Precinct Committee Officer - Democratic,101,332,30.42,1,Karin Ellis,I affirm I am a Democrat.,36,61.02
170,1800,Precinct Committee Officer,PRECINCT,SET 33-3953,Precinct Committee Officer - Democratic,101,332,30.42,2,Stephanie C. Bell,I affirm I am a Democrat.,23,38.98
159,1210,Precinct Committee Officer,PRECINCT,SEA 36-1668,Precinct Committee Officer - Democratic,225,470,47.87,2,Sumi Marie Paranjape,I affirm I am a Democrat.,73,70.87
159,1210,Precinct Committee Officer,PRECINCT,SEA 36-1668,Precinct Committee Officer - Democratic,225,470,47.87,1,Tamer Y. Abouzeid,I affirm I am a Democrat.,30,29.13
49,490,State,Legislative,Legislative District No. 48,Representative Position No. 1,29002,78841,36.79,12,Write-in,,45,0.16
49,490,State,Legislative,Legislative District No. 48,Representative Position No. 1,29002,78841,36.79,1,Vandana Slatter,(Prefers Democratic Party),19868,71.47
49,490,State,Legislative,Legislative District No. 48,Representative Position No. 1,29002,78841,36.79,2,Lynn Trinh,(Prefers Republican Party),7886,28.37
103,1130,Precinct Committee Officer,PRECINCT,SAM 05-2942,Precinct Committee Officer - Democratic,351,856,41.00,2,Kerry Brothers,I affirm I am a Democrat.,75,55.15
103,1130,Precinct Committee Officer,PRECINCT,SAM 05-2942,Precinct Committee Officer - Democratic,351,856,41.00,1,Tazia Mehdi,I affirm I am a Democrat.,61,44.85
78,1870,Precinct Committee Officer,PRECINCT,SUNNYWOOD,Precinct Committee Officer - Republican,296,763,38.79,2,Linda Resnick,I affirm I am a Republican.,25,48.08
78,1870,Precinct Committee Officer,PRECINCT,SUNNYWOOD,Precinct Committee Officer - Republican,296,763,38.79,1,Scott Dolfay,I affirm I am a Republican.,27,51.92
141,920,Precinct Committee Officer,PRECINCT,HOBART,Precinct Committee Officer - Republican,304,668,45.51,1,Patrick Peacock,I affirm I am a Republican.,152,88.89
141,920,Precinct Committee Officer,PRECINCT,HOBART,Precinct Committee Officer - Republican,304,668,45.51,2,Michelle Storlie,I affirm I am a Republican.,19,11.11
116,1880,Precinct Committee Officer,PRECINCT,TUK 11-1167,Precinct Committee Officer - Democratic,140,390,35.90,1,David Hackney,I affirm I am a Democrat.,53,51.96
116,1880,Precinct Committee Officer,PRECINCT,TUK 11-1167,Precinct Committee Officer - Democratic,140,390,35.90,2,Emily Willoughby,I affirm I am a Democrat.,49,48.04
53,185,State,Legislative,Legislative District No. 5,Representative Position No. 2,46834,107598,43.53,1,Patrick Peacock,(Prefers Republican Party),19105,42.63
53,185,State,Legislative,Legislative District No. 5,Representative Position No. 2,46834,107598,43.53,12,Write-in,,33,0.07
53,185,State,Legislative,Legislative District No. 5,Representative Position No. 2,46834,107598,43.53,2,Lisa Callan,(Prefers Democratic Party),25683,57.30
157,1700,Precinct Committee Officer,PRECINCT,SET 33-1031,Precinct Committee Officer - Democratic,143,575,24.87,2,Chris Smith,I affirm I am a Democrat.,29,30.21
157,1700,Precinct Committee Officer,PRECINCT,SET 33-1031,Precinct Committee Officer - Democratic,143,575,24.87,3,Joe Valleroy,I affirm I am a Democrat.,18,18.75
157,1700,Precinct Committee Officer,PRECINCT,SET 33-1031,Precinct Committee Officer - Democratic,143,575,24.87,1,Mohamed Egal,I affirm I am a Democrat.,49,51.04
183,1150,Precinct Committee Officer,PRECINCT,SEA 32-3568,Precinct Committee Officer - Democratic,186,582,31.96,2,Susan Hartry,I affirm I am a Democrat.,79,60.77
183,1150,Precinct Committee Officer,PRECINCT,SEA 32-3568,Precinct Committee Officer - Democratic,186,582,31.96,1,Thom Langley,I affirm I am a Democrat.,51,39.23
10,100,State,State Executive,State of Washington,State Auditor,559374,1391729,40.19,12,Write-in,,451,0.08
10,100,State,State Executive,State of Washington,State Auditor,559374,1391729,40.19,1,Matt Hawkins,(Prefers Republican Party),127197,23.79
10,100,State,State Executive,State of Washington,State Auditor,559374,1391729,40.19,2,Pat (Patrice) McCarthy,(Prefers Democratic Party),407039,76.13
14,140,State,State Executive,State of Washington,Insurance Commissioner,559374,1391729,40.19,7,Phil Fortunato,(Prefers Republican Party),90677,17.16
14,140,State,State Executive,State of Washington,Insurance Commissioner,559374,1391729,40.19,5,John Pestinger,(Prefers Democratic Party),47031,8.90
14,140,State,State Executive,State of Washington,Insurance Commissioner,559374,1391729,40.19,3,Jonathan Hendrix,(States No Party Preference),15171,2.87
14,140,State,State Executive,State of Washington,Insurance Commissioner,559374,1391729,40.19,6,Tim Verzal,(States No Party Preference),2642,0.50
14,140,State,State Executive,State of Washington,Insurance Commissioner,559374,1391729,40.19,4,Bill Boyd,(Prefers Democratic Party),12886,2.44
14,140,State,State Executive,State of Washington,Insurance Commissioner,559374,1391729,40.19,18,Write-in,,419,0.08
14,140,State,State Executive,State of Washington,Insurance Commissioner,559374,1391729,40.19,1,Patty Kuderer,(Prefers Democratic Party),317912,60.18
14,140,State,State Executive,State of Washington,Insurance Commissioner,559374,1391729,40.19,8,Justin Murta,(Prefers Republican Party),26677,5.05
14,140,State,State Executive,State of Washington,Insurance Commissioner,559374,1391729,40.19,2,Chris D. Chung,(Prefers Democratic Party),14887,2.82
109,1650,Precinct Committee Officer,PRECINCT,SEA 46-2342,Precinct Committee Officer - Democratic,209,427,48.95,1,Carol Cummings,I affirm I am a Democrat.,59,54.13
109,1650,Precinct Committee Officer,PRECINCT,SEA 46-2342,Precinct Committee Officer - Democratic,209,427,48.95,2,J. Sean Yeung,I affirm I am a Democrat.,50,45.87
178,1180,Precinct Committee Officer,PRECINCT,SEA 36-1295,Precinct Committee Officer - Democratic,177,358,49.44,1,Ryan O'Connor,I affirm I am a Democrat.,28,30.77
178,1180,Precinct Committee Officer,PRECINCT,SEA 36-1295,Precinct Committee Officer - Democratic,177,358,49.44,2,Elisha Zelina Bell,I affirm I am a Democrat.,63,69.23
80,1330,Precinct Committee Officer,PRECINCT,SEA 43-1773,Precinct Committee Officer - Democratic,243,764,31.81,1,Andrea Suarez,I affirm I am a Democrat.,113,66.08
80,1330,Precinct Committee Officer,PRECINCT,SEA 43-1773,Precinct Committee Officer - Democratic,243,764,31.81,2,John Comerford,I affirm I am a Democrat.,58,33.92
54,540,State Supreme Court,Judicial,State Supreme Court,Justice Position No. 2,559374,1391729,40.19,14,Write-in,,1504,0.30
54,540,State Supreme Court,Judicial,State Supreme Court,Justice Position No. 2,559374,1391729,40.19,2,Sal Mungia,,301394,59.37
54,540,State Supreme Court,Judicial,State Supreme Court,Justice Position No. 2,559374,1391729,40.19,3,David R Shelvey,,11002,2.17
54,540,State Supreme Court,Judicial,State Supreme Court,Justice Position No. 2,559374,1391729,40.19,1,Todd A. Bloom,,58434,11.51
54,540,State Supreme Court,Judicial,State Supreme Court,Justice Position No. 2,559374,1391729,40.19,4,Dave Larson,,135346,26.66
85,1310,Precinct Committee Officer,PRECINCT,SEA 37-3810,Precinct Committee Officer - Democratic,210,543,38.67,1,Alouise Urness,I affirm I am a Democrat.,49,44.95
85,1310,Precinct Committee Officer,PRECINCT,SEA 37-3810,Precinct Committee Officer - Democratic,210,543,38.67,2,Amie Newman,I affirm I am a Democrat.,60,55.05
112,950,Precinct Committee Officer,PRECINCT,KMR 01-0473,Precinct Committee Officer - Democratic,341,833,40.94,2,Jon Culver,I affirm I am a Democrat.,127,62.87
112,950,Precinct Committee Officer,PRECINCT,KMR 01-0473,Precinct Committee Officer - Democratic,341,833,40.94,1,Joe Goheen,I affirm I am a Democrat.,75,37.13
9,90,State,State Executive,State of Washington,State Treasurer,559374,1391729,40.19,1,Mike Pellicciotti,(Prefers Democratic Party),405306,75.58
9,90,State,State Executive,State of Washington,State Treasurer,559374,1391729,40.19,2,Sharon Hanek,(Prefers Republican Party),130564,24.35
9,90,State,State Executive,State of Washington,State Treasurer,559374,1391729,40.19,12,Write-in,,371,0.07
121,1750,Precinct Committee Officer,PRECINCT,SET 33-3081,Precinct Committee Officer - Democratic,175,819,21.37,1,George Remson,I affirm I am a Democrat.,56,50.91
121,1750,Precinct Committee Officer,PRECINCT,SET 33-3081,Precinct Committee Officer - Democratic,175,819,21.37,2,Aden Hussein,I affirm I am a Democrat.,54,49.09
181,1720,Precinct Committee Officer,PRECINCT,SET 33-3070,Precinct Committee Officer - Democratic,158,427,37.00,1,Brian Millican,I affirm I am a Democrat.,44,48.35
181,1720,Precinct Committee Officer,PRECINCT,SET 33-3070,Precinct Committee Officer - Democratic,158,427,37.00,2,Edwin Obras,I affirm I am a Democrat.,47,51.65
104,1090,Precinct Committee Officer,PRECINCT,RED 48-3134,Precinct Committee Officer - Democratic,151,352,42.90,2,Ayman Aldahleh,I affirm I am a Democrat.,13,17.81
104,1090,Precinct Committee Officer,PRECINCT,RED 48-3134,Precinct Committee Officer - Democratic,151,352,42.90,1,Leah Choi,I affirm I am a Democrat.,56,76.71
104,1090,Precinct Committee Officer,PRECINCT,RED 48-3134,Precinct Committee Officer - Democratic,151,352,42.90,3,Radhika Thatipalli,I affirm I am a Democrat.,4,5.48
187,1480,Precinct Committee Officer,PRECINCT,SEA 46-1401,Precinct Committee Officer - Democratic,256,744,34.41,3,Johnny Moore,I affirm I am a Democrat.,5,4.46
187,1480,Precinct Committee Officer,PRECINCT,SEA 46-1401,Precinct Committee Officer - Democratic,256,744,34.41,4,Ben Lucking,I affirm I am a Democrat.,9,8.04
187,1480,Precinct Committee Officer,PRECINCT,SEA 46-1401,Precinct Committee Officer - Democratic,256,744,34.41,1,Rachel Alger,I affirm I am a Democrat.,46,41.07
187,1480,Precinct Committee Officer,PRECINCT,SEA 46-1401,Precinct Committee Officer - Democratic,256,744,34.41,2,Antonia Gonzalez,I affirm I am a Democrat.,52,46.43
32,320,State,Legislative,Legislative District No. 33,Representative Position No. 2,29154,82367,35.40,2,Casey Esmond,(States No Party Preference),7004,26.23
32,320,State,Legislative,Legislative District No. 33,Representative Position No. 2,29154,82367,35.40,12,Write-in,,166,0.62
32,320,State,Legislative,Legislative District No. 33,Representative Position No. 2,29154,82367,35.40,1,Mia Su-Ling Gregerson,(Prefers Democratic Party),19534,73.15
96,1690,Precinct Committee Officer,PRECINCT,SEA 46-3262,Precinct Committee Officer - Democratic,171,429,39.86,2,Galaxy Marshall,I affirm I am a Democrat.,22,30.14
96,1690,Precinct Committee Officer,PRECINCT,SEA 46-3262,Precinct Committee Officer - Democratic,171,429,39.86,1,Tara Gallagher,I affirm I am a Democrat.,51,69.86
33,330,State,Legislative,Legislative District No. 34,Representative Position No. 1,45818,106023,43.22,1,Kimberly M. Cloud,(Prefers Republican Party),5848,13.34
33,330,State,Legislative,Legislative District No. 34,Representative Position No. 1,45818,106023,43.22,2,Emily Alvarado,(Prefers Democratic Party),37901,86.46
33,330,State,Legislative,Legislative District No. 34,Representative Position No. 1,45818,106023,43.22,12,Write-in,,86,0.20
11,110,State,State Executive,State of Washington,Attorney General,559374,1391729,40.19,3,Manka Dhingra,(Prefers Democratic Party),148923,27.33
11,110,State,State Executive,State of Washington,Attorney General,559374,1391729,40.19,2,Nick Brown,(Prefers Democratic Party),263306,48.33
11,110,State,State Executive,State of Washington,Attorney General,559374,1391729,40.19,1,Pete Serrano,(Prefers Republican Party),132349,24.29
11,110,State,State Executive,State of Washington,Attorney General,559374,1391729,40.19,13,Write-in,,286,0.05
71,870,Precinct Committee Officer,PRECINCT,DES 33-2625,Precinct Committee Officer - Democratic,228,532,42.86,2,Melissa Ponder,I affirm I am a Democrat.,44,45.83
71,870,Precinct Committee Officer,PRECINCT,DES 33-2625,Precinct Committee Officer - Democratic,228,532,42.86,1,Gretchen Geyer,I affirm I am a Democrat.,52,54.17
154,700,Precinct Committee Officer,PRECINCT,BEL 48-0128,Precinct Committee Officer - Democratic,239,563,42.45,2,Vandana Mishra,I affirm I am a Democrat.,63,70.00
154,700,Precinct Committee Officer,PRECINCT,BEL 48-0128,Precinct Committee Officer - Democratic,239,563,42.45,1,Ramakrishna Juluri,I affirm I am a Democrat.,27,30.00
22,220,State,Legislative,Legislative District No. 11,Representative Position No. 2,28723,87958,32.66,2,Justin Greywolf,(Prefers Libertarian Party),4607,18.19
22,220,State,Legislative,Legislative District No. 11,Representative Position No. 2,28723,87958,32.66,1,Steve Bergquist,(Prefers Democratic Party),20342,80.34
22,220,State,Legislative,Legislative District No. 11,Representative Position No. 2,28723,87958,32.66,12,Write-in,,372,1.47
161,1860,Precinct Committee Officer,PRECINCT,SNQ 12-3560,Precinct Committee Officer - Republican,237,550,43.09,2,Emma Herron,I affirm I am a Republican.,30,46.15
161,1860,Precinct Committee Officer,PRECINCT,SNQ 12-3560,Precinct Committee Officer - Republican,237,550,43.09,1,Justin Elin,I affirm I am a Republican.,35,53.85
152,1240,Precinct Committee Officer,PRECINCT,SEA 37-1592,Precinct Committee Officer - Democratic,273,624,43.75,2,Rory Benjamin O'Sullivan,I affirm I am a Democrat.,72,50.70
152,1240,Precinct Committee Officer,PRECINCT,SEA 37-1592,Precinct Committee Officer - Democratic,273,624,43.75,1,Fernando Medina Corey,I affirm I am a Democrat.,70,49.30
76,750,Precinct Committee Officer,PRECINCT,BEL 48-0224,Precinct Committee Officer - Democratic,289,677,42.69,2,Christy Bear,I affirm I am a Democrat.,100,72.46
76,750,Precinct Committee Officer,PRECINCT,BEL 48-0224,Precinct Committee Officer - Democratic,289,677,42.69,1,Ramprasad Gowrishankar,I affirm I am a Democrat.,38,27.54
42,420,State,Legislative,Legislative District No. 43,Representative Position No. 1,38569,94058,41.01,1,Nicole Macri,(Prefers Democratic Party),31014,98.04
42,420,State,Legislative,Legislative District No. 43,Representative Position No. 1,38569,94058,41.01,11,Write-in,,619,1.96
182,710,Precinct Committee Officer,PRECINCT,BEL 48-0134,Precinct Committee Officer - Democratic,133,347,38.33,1,Rachel Gee,I affirm I am a Democrat.,49,74.24
182,710,Precinct Committee Officer,PRECINCT,BEL 48-0134,Precinct Committee Officer - Democratic,133,347,38.33,2,James H. Kraus,I affirm I am a Democrat.,17,25.76
111,1540,Precinct Committee Officer,PRECINCT,SEA 46-2245,Precinct Committee Officer - Democratic,246,453,54.30,1,Gary Goldbaum,I affirm I am a Democrat.,55,44.72
111,1540,Precinct Committee Officer,PRECINCT,SEA 46-2245,Precinct Committee Officer - Democratic,246,453,54.30,3,Ahndylyn Kinney,I affirm I am a Democrat.,30,24.39
111,1540,Precinct Committee Officer,PRECINCT,SEA 46-2245,Precinct Committee Officer - Democratic,246,453,54.30,2,Diego Batres,I affirm I am a Democrat.,38,30.89
31,310,State,Legislative,Legislative District No. 33,Representative Position No. 1,29154,82367,35.40,1,George Richter,(Prefers Republican Party),8297,29.58
31,310,State,Legislative,Legislative District No. 33,Representative Position No. 1,29154,82367,35.40,12,Write-in,,45,0.16
31,310,State,Legislative,Legislative District No. 33,Representative Position No. 1,29154,82367,35.40,2,Tina L. Orwall,(Prefers Democratic Party),19705,70.26
117,1120,Precinct Committee Officer,PRECINCT,RNT 11-3588,Precinct Committee Officer - Democratic,119,639,18.62,1,Miriam Brockman,I affirm I am a Democrat.,44,57.89
117,1120,Precinct Committee Officer,PRECINCT,RNT 11-3588,Precinct Committee Officer - Democratic,119,639,18.62,2,Jane Crigler,I affirm I am a Democrat.,32,42.11
50,500,State,Legislative,Legislative District No. 48,Representative Position No. 2,29002,78841,36.79,11,Write-in,,905,4.12
50,500,State,Legislative,Legislative District No. 48,Representative Position No. 2,29002,78841,36.79,1,Amy Walen,(Prefers Democratic Party),21069,95.88
8,80,State,State Executive,State of Washington,Secretary of State,559374,1391729,40.19,4,Steve Hobbs,(Prefers Democratic Party),355176,65.67
8,80,State,State Executive,State of Washington,Secretary of State,559374,1391729,40.19,14,Write-in,,357,0.07
8,80,State,State Executive,State of Washington,Secretary of State,559374,1391729,40.19,2,Dale Whitaker,(Prefers Republican Party),106603,19.71
8,80,State,State Executive,State of Washington,Secretary of State,559374,1391729,40.19,3,Damon Townsend,(Prefers No Labels Party),22816,4.22
8,80,State,State Executive,State of Washington,Secretary of State,559374,1391729,40.19,1,Marquez Tiggs,(Prefers Democratic Party),55873,10.33
101,1040,Precinct Committee Officer,PRECINCT,RED 45-3584,Precinct Committee Officer - Democratic,259,834,31.06,2,Menka Soni,I affirm I am a Democrat.,69,65.09
101,1040,Precinct Committee Officer,PRECINCT,RED 45-3584,Precinct Committee Officer - Democratic,259,834,31.06,1,Ashish Soni,I affirm I am a Democrat.,37,34.91
52,180,State,Legislative,Legislative District No. 5,Representative Position No. 1,46834,107598,43.53,5,Landon Halverson,(Prefers Republican Party),7701,17.27
52,180,State,Legislative,Legislative District No. 5,Representative Position No. 1,46834,107598,43.53,16,Write-in,,22,0.05
52,180,State,Legislative,Legislative District No. 5,Representative Position No. 1,46834,107598,43.53,6,Mark Hargrove,(Prefers Republican Party),12270,27.51
52,180,State,Legislative,Legislative District No. 5,Representative Position No. 1,46834,107598,43.53,2,Jason Ritchie,(Prefers Democratic Party),4404,9.87
52,180,State,Legislative,Legislative District No. 5,Representative Position No. 1,46834,107598,43.53,4,Kristiana de Leon,(Prefers Democratic Party),4558,10.22
52,180,State,Legislative,Legislative District No. 5,Representative Position No. 1,46834,107598,43.53,3,Victoria Hunt,(Prefers Democratic Party),15646,35.08
25,250,State,Legislative,Legislative District No. 30,Representative Position No. 1,26853,80845,33.22,12,Write-in,,20,0.08
25,250,State,Legislative,Legislative District No. 30,Representative Position No. 1,26853,80845,33.22,1,Jamila E. Taylor,(Prefers Democratic Party),14834,57.06
25,250,State,Legislative,Legislative District No. 30,Representative Position No. 1,26853,80845,33.22,2,Melissa Hamilton,(Prefers Republican Party),11144,42.86
135,770,Precinct Committee Officer,PRECINCT,BERRYDALE,Precinct Committee Officer - Republican,259,577,44.89,2,Mark Owens,I affirm I am a Republican.,68,70.10
135,770,Precinct Committee Officer,PRECINCT,BERRYDALE,Precinct Committee Officer - Republican,259,577,44.89,1,Cecil Joe Tomlinson,I affirm I am a Republican.,29,29.90
172,630,Precinct Committee Officer,PRECINCT,AUB 47-2701,Precinct Committee Officer - Democratic,112,651,17.20,2,Hanan Amer,I affirm I am a Democrat.,21,34.43
172,630,Precinct Committee Officer,PRECINCT,AUB 47-2701,Precinct Committee Officer - Democratic,112,651,17.20,1,Shantell Sanders,I affirm I am a Democrat.,40,65.57
65,1820,Precinct Committee Officer,PRECINCT,SHL 32-0875,Precinct Committee Officer - Democratic,297,601,49.42,1,Bettelinn K. Brown,I affirm I am a Democrat.,112,65.12
65,1820,Precinct Committee Officer,PRECINCT,SHL 32-0875,Precinct Committee Officer - Democratic,297,601,49.42,2,Joe Cunningham,I affirm I am a Democrat.,60,34.88
151,1420,Precinct Committee Officer,PRECINCT,SEA 43-3750,Precinct Committee Officer - Democratic,134,565,23.72,2,Atif Osmani,I affirm I am a Democrat.,21,28.00
151,1420,Precinct Committee Officer,PRECINCT,SEA 43-3750,Precinct Committee Officer - Democratic,134,565,23.72,1,Maura Fallon,I affirm I am a Democrat.,54,72.00
